,Unique,datestamp,Score,Label,Sum,X_coordinates,y_coordinates
0,46659692,2020-02-25,0.7466559,1,1,0.000856898029134533,0.0018832391713747645
1,48949489,2020-02-04,0.7149252,1,2,0.001713796058269066,0.003766478342749529
2,37071914,2020-03-10,0.71419877,1,3,0.002570694087403599,0.005649717514124294
3,38789819,2020-02-17,0.71101743,1,4,0.003427592116538132,0.007532956685499058
4,39206837,2020-02-18,0.70713913,1,5,0.004284490145672665,0.009416195856873822
5,36983292,2020-02-25,0.70303285,1,6,0.005141388174807198,0.011299435028248588
6,49221466,2020-01-30,0.69876254,1,7,0.005998286203941731,0.013182674199623353
7,36054636,2020-03-10,0.6953334,1,8,0.006855184233076264,0.015065913370998116
8,36150332,2020-01-28,0.6937171,1,9,0.007712082262210797,0.01694915254237288
9,45757064,2020-02-20,0.6839517,1,10,0.00856898029134533,0.018832391713747645
10,50614182,2020-04-06,0.683913,1,11,0.009425878320479864,0.02071563088512241
11,42440592,2020-04-14,0.68067896,0,11,0.010282776349614395,0.02071563088512241
12,36431417,2020-03-16,0.67628086,1,12,0.011139674378748929,0.022598870056497175
13,37278254,2020-02-11,0.67609787,1,13,0.011996572407883462,0.02448210922787194
14,49336249,2020-03-12,0.6748557,1,14,0.012853470437017995,0.026365348399246705
15,49657944,2020-04-07,0.67333883,1,15,0.013710368466152529,0.02824858757062147
16,36057409,2020-01-31,0.66940594,1,16,0.01456726649528706,0.030131826741996232
17,49336278,2020-03-12,0.6672638,0,16,0.015424164524421594,0.030131826741996232
18,47921068,2020-03-18,0.66593766,1,17,0.016281062553556127,0.032015065913371
19,36963616,2020-02-03,0.6652036,1,18,0.01713796058269066,0.03389830508474576
20,36132996,2020-03-11,0.66446376,1,19,0.017994858611825194,0.035781544256120526
21,47921080,2020-03-18,0.6644304,1,20,0.018851756640959727,0.03766478342749529
22,49155041,2020-04-01,0.66309816,1,21,0.01970865467009426,0.03954802259887006
23,43547939,2020-01-28,0.66155255,1,22,0.02056555269922879,0.04143126177024482
24,36322775,2020-03-06,0.6593818,1,23,0.021422450728363324,0.04331450094161959
25,38258496,2020-01-21,0.65903455,1,24,0.022279348757497857,0.04519774011299435
26,36391326,2020-03-20,0.65878683,1,25,0.02313624678663239,0.047080979284369114
27,36051157,2020-02-21,0.6573456,0,25,0.023993144815766924,0.047080979284369114
28,47972312,2020-02-11,0.65651643,1,26,0.024850042844901457,0.04896421845574388
29,45025773,2020-03-20,0.6564566,0,26,0.02570694087403599,0.04896421845574388
30,36057169,2020-03-16,0.6562249,1,27,0.026563838903170524,0.05084745762711865
31,49517350,2020-04-30,0.6546719,1,28,0.027420736932305057,0.05273069679849341
32,36871791,2020-04-02,0.6542335,1,29,0.028277634961439587,0.054613935969868174
33,36264842,2020-03-31,0.6536564,1,30,0.02913453299057412,0.05649717514124294
34,37239567,2020-04-17,0.65219426,1,31,0.029991431019708654,0.0583804143126177
35,38566813,2020-02-19,0.65123534,1,32,0.030848329048843187,0.060263653483992465
36,36013379,2020-03-11,0.6495413,1,33,0.031705227077977724,0.062146892655367235
37,36246059,2020-01-27,0.6479792,1,34,0.032562125107112254,0.064030131826742
38,45592083,2020-04-09,0.6472068,1,35,0.033419023136246784,0.06591337099811675
39,36071869,2020-02-25,0.64586335,0,35,0.03427592116538132,0.06591337099811675
40,36138321,2020-01-21,0.64509714,1,36,0.03513281919451585,0.06779661016949153
41,42421775,2020-02-17,0.6404957,1,37,0.03598971722365039,0.0696798493408663
42,38490533,2020-02-13,0.6403569,0,37,0.03684661525278492,0.0696798493408663
43,36505197,2020-02-10,0.63919336,1,38,0.037703513281919454,0.07156308851224105
44,36917834,2020-02-03,0.6378448,1,39,0.038560411311053984,0.07344632768361582
45,36166194,2020-01-21,0.63657254,1,40,0.03941730934018852,0.07532956685499058
46,36015021,2020-02-03,0.63503104,0,40,0.04027420736932305,0.07532956685499058
47,36163440,2020-03-03,0.63484037,1,41,0.04113110539845758,0.07721280602636535
48,39316209,2020-02-19,0.63184375,1,42,0.04198800342759212,0.07909604519774012
49,47928316,2020-03-25,0.6312026,1,43,0.04284490145672665,0.08097928436911488
50,36459197,2020-03-20,0.6306045,1,44,0.043701799485861184,0.08286252354048965
51,39080399,2020-01-17,0.6295475,1,45,0.044558697514995714,0.0847457627118644
52,36066751,2020-03-16,0.62942713,1,46,0.04541559554413025,0.08662900188323917
53,49437817,2020-03-23,0.62803924,1,47,0.04627249357326478,0.08851224105461393
54,36438166,2020-03-19,0.627714,1,48,0.04712939160239932,0.0903954802259887
55,36062916,2020-02-24,0.62717324,0,48,0.04798628963153385,0.0903954802259887
56,44919300,2020-02-28,0.62575835,0,48,0.04884318766066838,0.0903954802259887
57,38683871,2020-01-29,0.6251019,1,49,0.049700085689802914,0.09227871939736347
58,36391410,2020-03-12,0.6245018,1,50,0.050556983718937444,0.09416195856873823
59,48194456,2020-01-17,0.6239628,0,50,0.05141388174807198,0.09416195856873823
60,36430892,2020-02-04,0.6231537,0,50,0.05227077977720651,0.09416195856873823
61,36017710,2020-02-19,0.62311804,1,51,0.05312767780634105,0.096045197740113
62,36048807,2020-01-27,0.62233496,1,52,0.05398457583547558,0.09792843691148775
63,36754952,2020-02-11,0.6219525,1,53,0.054841473864610114,0.09981167608286252
64,38548671,2020-04-03,0.62176377,1,54,0.055698371893744644,0.1016949152542373
65,36374565,2019-12-17,0.62166023,1,55,0.056555269922879174,0.10357815442561205
66,36940895,2020-04-02,0.6215997,1,56,0.05741216795201371,0.10546139359698682
67,44510468,2020-02-04,0.62076145,1,57,0.05826906598114824,0.10734463276836158
68,48154737,2020-01-20,0.6204036,1,58,0.05912596401028278,0.10922787193973635
69,49059109,2020-02-28,0.619205,1,59,0.05998286203941731,0.1111111111111111
70,36051217,2020-03-25,0.61799294,1,60,0.060839760068551844,0.11299435028248588
71,36070809,2020-05-11,0.61672866,1,61,0.061696658097686374,0.11487758945386065
72,46915359,2020-02-03,0.6166408,1,62,0.06255355612682091,0.1167608286252354
73,37440767,2020-04-09,0.616594,1,63,0.06341045415595545,0.11864406779661017
74,40446323,2020-03-31,0.61640435,1,64,0.06426735218508997,0.12052730696798493
75,36168926,2020-03-20,0.61594963,0,64,0.06512425021422451,0.12052730696798493
76,36055220,2020-03-18,0.61356276,1,65,0.06598114824335904,0.1224105461393597
77,49041125,2020-01-28,0.6128393,1,66,0.06683804627249357,0.12429378531073447
78,36458616,2020-02-28,0.6120396,1,67,0.0676949443016281,0.12617702448210924
79,39914388,2020-02-19,0.61193925,1,68,0.06855184233076264,0.128060263653484
80,36019741,2020-03-13,0.61151826,1,69,0.06940874035989718,0.12994350282485875
81,48601831,2020-03-04,0.6113239,1,70,0.0702656383890317,0.1318267419962335
82,36737643,2020-02-21,0.61104065,1,71,0.07112253641816624,0.1337099811676083
83,36021017,2020-02-11,0.61067903,1,72,0.07197943444730077,0.13559322033898305
84,48645512,2020-03-30,0.60897756,1,73,0.0728363324764353,0.1374764595103578
85,36265421,2020-02-20,0.6084529,1,74,0.07369323050556983,0.1393596986817326
86,49117534,2020-01-28,0.60829735,1,75,0.07455012853470437,0.14124293785310735
87,47436660,2020-01-31,0.6075957,1,76,0.07540702656383891,0.1431261770244821
88,36008991,2020-01-29,0.60729086,1,77,0.07626392459297343,0.14500941619585686
89,36252008,2020-01-24,0.60674584,1,78,0.07712082262210797,0.14689265536723164
90,36347170,2020-02-27,0.6065792,1,79,0.0779777206512425,0.1487758945386064
91,36550908,2020-02-20,0.60618657,0,79,0.07883461868037704,0.1487758945386064
92,47713242,2020-02-03,0.60587114,1,80,0.07969151670951156,0.15065913370998116
93,48264260,2020-02-11,0.6056105,1,81,0.0805484147386461,0.15254237288135594
94,40554826,2020-02-20,0.6052448,1,82,0.08140531276778064,0.1544256120527307
95,47162690,2020-03-03,0.60436344,1,83,0.08226221079691516,0.15630885122410546
96,49907902,2020-03-17,0.60387915,0,83,0.0831191088260497,0.15630885122410546
97,50555061,2020-03-26,0.6033462,1,84,0.08397600685518423,0.15819209039548024
98,36064054,2020-03-03,0.6029951,1,85,0.08483290488431877,0.160075329566855
99,44635432,2020-03-19,0.6024926,1,86,0.0856898029134533,0.16195856873822975
100,36011782,2020-03-30,0.60244673,1,87,0.08654670094258783,0.1638418079096045
101,48985463,2020-04-01,0.60066295,1,88,0.08740359897172237,0.1657250470809793
102,44776012,2020-03-12,0.60065734,1,89,0.08826049700085689,0.16760828625235405
103,49388874,2019-12-06,0.60021555,0,89,0.08911739502999143,0.16760828625235405
104,48216247,2020-04-03,0.59998375,1,90,0.08997429305912596,0.1694915254237288
105,46952987,2020-02-03,0.5992997,1,91,0.0908311910882605,0.1713747645951036
106,50215661,2020-02-11,0.5990997,1,92,0.09168808911739502,0.17325800376647835
107,48214791,2020-02-11,0.5987446,1,93,0.09254498714652956,0.1751412429378531
108,49088311,2020-02-03,0.59850615,1,94,0.0934018851756641,0.17702448210922786
109,36637951,2020-01-21,0.5979349,1,95,0.09425878320479864,0.17890772128060264
110,36074979,2020-02-20,0.5975148,1,96,0.09511568123393316,0.1807909604519774
111,36018318,2020-03-10,0.597258,1,97,0.0959725792630677,0.18267419962335216
112,49917359,2020-03-27,0.5971864,1,98,0.09682947729220223,0.18455743879472694
113,36017282,2020-01-22,0.5970466,0,98,0.09768637532133675,0.18455743879472694
114,49380288,2020-03-19,0.59666806,1,99,0.09854327335047129,0.1864406779661017
115,40195904,2020-02-03,0.596624,1,100,0.09940017137960583,0.18832391713747645
116,45159607,2020-03-25,0.5959155,0,100,0.10025706940874037,0.18832391713747645
117,49907948,2020-03-23,0.59548205,0,100,0.10111396743787489,0.18832391713747645
118,49615013,2020-03-12,0.59407556,1,101,0.10197086546700942,0.1902071563088512
119,49379093,2020-03-25,0.59364057,1,102,0.10282776349614396,0.192090395480226
120,36003896,2020-02-27,0.59330034,0,102,0.1036846615252785,0.192090395480226
121,37543843,2020-02-27,0.59327614,1,103,0.10454155955441302,0.19397363465160075
122,46267367,2020-03-05,0.5922589,1,104,0.10539845758354756,0.1958568738229755
123,48087439,2020-01-02,0.59213334,1,105,0.1062553556126821,0.1977401129943503
124,36200521,2019-12-31,0.59107107,0,105,0.10711225364181662,0.1977401129943503
125,36079347,2019-12-17,0.59015495,1,106,0.10796915167095116,0.19962335216572505
126,36540148,2020-02-03,0.59005487,1,107,0.10882604970008569,0.2015065913370998
127,36459993,2020-01-24,0.5899414,1,108,0.10968294772922023,0.2033898305084746
128,45603889,2020-02-20,0.5892825,1,109,0.11053984575835475,0.20527306967984935
129,36064802,2020-02-25,0.58913267,0,109,0.11139674378748929,0.20527306967984935
130,39146522,2020-01-28,0.5891146,1,110,0.11225364181662383,0.2071563088512241
131,48102908,2020-02-03,0.5889894,1,111,0.11311053984575835,0.20903954802259886
132,48614914,2020-01-31,0.58889353,1,112,0.11396743787489289,0.21092278719397364
133,49082350,2020-02-27,0.58878756,1,113,0.11482433590402742,0.2128060263653484
134,49341829,2020-02-19,0.5878094,1,114,0.11568123393316196,0.21468926553672316
135,36015559,2020-02-12,0.58745027,1,115,0.11653813196229648,0.21657250470809794
136,38412754,2020-03-11,0.58703834,1,116,0.11739502999143102,0.2184557438794727
137,36337776,2020-01-22,0.586994,0,116,0.11825192802056556,0.2184557438794727
138,36482966,2020-03-11,0.5868321,1,117,0.11910882604970009,0.22033898305084745
139,49044518,2020-02-27,0.5864701,0,117,0.11996572407883462,0.22033898305084745
140,36540811,2020-02-13,0.58585334,1,118,0.12082262210796915,0.2222222222222222
141,38764303,2020-03-06,0.5858348,0,118,0.12167952013710369,0.2222222222222222
142,37951844,2020-03-19,0.58563596,1,119,0.12253641816623821,0.224105461393597
143,36023078,2020-02-20,0.58558726,0,119,0.12339331619537275,0.224105461393597
144,36912480,2020-03-02,0.5854654,0,119,0.12425021422450729,0.224105461393597
145,47918903,2020-04-06,0.5854063,1,120,0.12510711225364182,0.22598870056497175
146,49341151,2020-03-10,0.5849271,1,121,0.12596401028277635,0.2278719397363465
147,39734037,2020-02-07,0.58391047,1,122,0.1268209083119109,0.2297551789077213
148,36237055,2020-03-04,0.5833348,1,123,0.12767780634104542,0.23163841807909605
149,36014746,2020-03-23,0.5833229,1,124,0.12853470437017994,0.2335216572504708
150,36014145,2020-02-13,0.5832754,0,124,0.1293916023993145,0.2335216572504708
151,37241634,2020-02-17,0.58242774,1,125,0.13024850042844902,0.23540489642184556
152,47722168,2020-01-02,0.5821731,0,125,0.13110539845758354,0.23540489642184556
153,36065787,2020-02-04,0.5818512,1,126,0.1319622964867181,0.23728813559322035
154,36060985,2020-03-19,0.5811379,1,127,0.1328191945158526,0.2391713747645951
155,37268798,2020-01-14,0.58110213,0,127,0.13367609254498714,0.2391713747645951
156,39313600,2020-02-05,0.58057517,1,128,0.13453299057412169,0.24105461393596986
157,36017970,2020-02-10,0.5802386,1,129,0.1353898886032562,0.24293785310734464
158,36024176,2020-02-19,0.5801809,1,130,0.13624678663239073,0.2448210922787194
159,48814746,2020-03-30,0.5797048,1,131,0.13710368466152528,0.24670433145009416
160,49907943,2020-03-20,0.5780851,0,131,0.1379605826906598,0.24670433145009416
161,36320494,2020-03-17,0.57792366,1,132,0.13881748071979436,0.24858757062146894
162,24008596,2020-03-02,0.5778875,0,132,0.13967437874892888,0.24858757062146894
163,37125302,2020-02-28,0.5777703,1,133,0.1405312767780634,0.2504708097928437
164,36008982,2019-10-29,0.5772082,1,134,0.14138817480719795,0.2523540489642185
165,47879879,2020-02-21,0.57669586,1,135,0.14224507283633248,0.2542372881355932
166,36017623,2020-02-24,0.57667243,0,135,0.143101970865467,0.2542372881355932
167,38055459,2020-01-31,0.5766234,1,136,0.14395886889460155,0.256120527306968
168,36543667,2020-02-03,0.57651216,1,137,0.14481576692373607,0.2580037664783427
169,47751748,2020-02-18,0.5764032,1,138,0.1456726649528706,0.2598870056497175
170,47751762,2020-02-17,0.57616204,1,139,0.14652956298200515,0.2617702448210923
171,47711743,2020-03-23,0.5760284,1,140,0.14738646101113967,0.263653483992467
172,38414377,2020-03-03,0.5748532,0,140,0.14824335904027422,0.263653483992467
173,50144933,2020-03-18,0.57432485,0,140,0.14910025706940874,0.263653483992467
174,36021492,2020-02-12,0.5741238,0,140,0.14995715509854327,0.263653483992467
175,39681346,2020-01-09,0.5736453,1,141,0.15081405312767782,0.2655367231638418
176,49676176,2019-11-22,0.57308275,1,142,0.15167095115681234,0.2674199623352166
177,36059329,2020-03-03,0.5729797,0,142,0.15252784918594686,0.2674199623352166
178,36489782,2020-03-10,0.5727954,1,143,0.1533847472150814,0.2693032015065913
179,24008394,2020-03-04,0.5723538,0,143,0.15424164524421594,0.2693032015065913
180,48646807,2020-01-31,0.5722858,1,144,0.15509854327335046,0.2711864406779661
181,49587278,2020-03-05,0.57199204,1,145,0.155955441302485,0.2730696798493409
182,36410895,2020-02-18,0.5718062,1,146,0.15681233933161953,0.2749529190207156
183,47053379,2020-02-12,0.57136226,0,146,0.15766923736075408,0.2749529190207156
184,47062014,2020-02-28,0.5712381,1,147,0.1585261353898886,0.2768361581920904
185,36024802,2020-02-21,0.5708521,0,147,0.15938303341902313,0.2768361581920904
186,48057195,2020-02-26,0.5707082,1,148,0.16023993144815768,0.2787193973634652
187,36070421,2020-03-17,0.5706983,1,149,0.1610968294772922,0.2806026365348399
188,36488757,2020-02-19,0.57063633,1,150,0.16195372750642673,0.2824858757062147
189,36371423,2020-02-04,0.57014626,1,151,0.16281062553556128,0.2843691148775895
190,48809167,2020-01-31,0.5699058,1,152,0.1636675235646958,0.2862523540489642
191,47412117,2020-04-07,0.56934285,1,153,0.16452442159383032,0.288135593220339
192,47896657,2020-03-05,0.5693138,1,154,0.16538131962296487,0.2900188323917137
193,49454308,2020-03-25,0.5682719,1,155,0.1662382176520994,0.2919020715630885
194,48357236,2020-03-19,0.5681167,1,156,0.16709511568123395,0.2937853107344633
195,38685229,2020-02-12,0.567755,1,157,0.16795201371036847,0.295668549905838
196,36340819,2020-03-10,0.56769,1,158,0.168808911739503,0.2975517890772128
197,36013108,2020-01-23,0.5672862,1,159,0.16966580976863754,0.2994350282485876
198,36029142,2020-02-25,0.5671125,1,160,0.17052270779777207,0.3013182674199623
199,49524683,2020-01-09,0.5668759,1,161,0.1713796058269066,0.3032015065913371
200,36543367,2020-02-03,0.5661823,1,162,0.17223650385604114,0.3050847457627119
201,39339487,2020-02-04,0.5659594,1,163,0.17309340188517566,0.3069679849340866
202,36033563,2020-01-09,0.5659073,1,164,0.17395029991431019,0.3088512241054614
203,42258339,2020-04-14,0.5656251,0,164,0.17480719794344474,0.3088512241054614
204,36002559,2020-02-20,0.56529516,0,164,0.17566409597257926,0.3088512241054614
205,48173308,2020-03-19,0.5652932,1,165,0.17652099400171378,0.3107344632768362
206,38693413,2020-01-27,0.5651568,1,166,0.17737789203084833,0.3126177024482109
207,49658931,2020-04-08,0.5650066,1,167,0.17823479005998286,0.3145009416195857
208,48763510,2020-03-10,0.5647385,1,168,0.1790916880891174,0.3163841807909605
209,38299039,2020-03-09,0.5646525,1,169,0.17994858611825193,0.3182674199623352
210,36551855,2020-02-18,0.56233406,1,170,0.18080548414738645,0.32015065913371
211,36056776,2020-04-01,0.5621348,0,170,0.181662382176521,0.32015065913371
212,49083004,2020-03-10,0.5621014,0,170,0.18251928020565553,0.32015065913371
213,36022227,2020-03-16,0.56200844,1,171,0.18337617823479005,0.3220338983050847
214,36216213,2020-03-13,0.5616403,0,171,0.1842330762639246,0.3220338983050847
215,49309622,2020-02-19,0.56152874,0,171,0.18508997429305912,0.3220338983050847
216,44543322,2020-03-02,0.561214,0,171,0.18594687232219365,0.3220338983050847
217,38178832,2020-02-19,0.56098074,0,171,0.1868037703513282,0.3220338983050847
218,37335585,2020-02-18,0.56071514,1,172,0.18766066838046272,0.3239171374764595
219,39363548,2020-03-20,0.56043756,0,172,0.18851756640959727,0.3239171374764595
220,48058389,2020-04-08,0.5602795,1,173,0.1893744644387318,0.3258003766478343
221,36037296,2020-02-03,0.559914,1,174,0.19023136246786632,0.327683615819209
222,47643884,2020-01-03,0.5598063,1,175,0.19108826049700087,0.3295668549905838
223,47715118,2020-02-26,0.5596424,1,176,0.1919451585261354,0.3314500941619586
224,36138791,2020-02-10,0.55945706,1,177,0.1928020565552699,0.3333333333333333
225,39067954,2020-03-18,0.55907834,1,178,0.19365895458440446,0.3352165725047081
226,36014867,2020-03-20,0.5583469,0,178,0.194515852613539,0.3352165725047081
227,38125396,2020-03-06,0.5582125,0,178,0.1953727506426735,0.3352165725047081
228,47895968,2019-12-16,0.5579948,1,179,0.19622964867180806,0.3370998116760829
229,49907906,2020-03-20,0.5577308,0,179,0.19708654670094258,0.3370998116760829
230,24008505,2020-02-07,0.5577262,1,180,0.19794344473007713,0.3389830508474576
231,36549470,2020-03-11,0.5572735,0,180,0.19880034275921166,0.3389830508474576
232,48202997,2020-02-26,0.5571662,1,181,0.19965724078834618,0.3408662900188324
233,47740077,2020-03-04,0.55710757,0,181,0.20051413881748073,0.3408662900188324
234,39314520,2020-02-03,0.556077,1,182,0.20137103684661525,0.3427495291902072
235,36209529,2020-02-11,0.5560188,1,183,0.20222793487574978,0.3446327683615819
236,36325668,2020-03-02,0.5560162,1,184,0.20308483290488433,0.3465160075329567
237,36266017,2020-02-11,0.55405414,0,184,0.20394173093401885,0.3465160075329567
238,39368390,2020-02-18,0.5539667,1,185,0.20479862896315337,0.3483992467043315
239,47438581,2020-01-24,0.55346614,1,186,0.20565552699228792,0.3502824858757062
240,36070556,2020-02-10,0.55334556,1,187,0.20651242502142245,0.352165725047081
241,36465487,2020-02-06,0.5530235,1,188,0.207369323050557,0.3540489642184557
242,36715450,2020-03-05,0.5528976,0,188,0.20822622107969152,0.3540489642184557
243,49395993,2020-03-16,0.55188924,1,189,0.20908311910882604,0.3559322033898305
244,37004964,2020-04-10,0.5514176,0,189,0.2099400171379606,0.3559322033898305
245,44183840,2020-02-25,0.5513347,1,190,0.21079691516709512,0.3578154425612053
246,46276878,2020-01-29,0.55128014,0,190,0.21165381319622964,0.3578154425612053
247,48608192,2020-02-27,0.5509281,1,191,0.2125107112253642,0.35969868173258
248,47438563,2020-01-20,0.55088353,1,192,0.2133676092544987,0.3615819209039548
249,46906990,2020-02-27,0.5508226,1,193,0.21422450728363324,0.3634651600753296
250,36069417,2020-03-09,0.5504874,1,194,0.2150814053127678,0.3653483992467043
251,49583770,2020-02-27,0.5501313,0,194,0.2159383033419023,0.3653483992467043
252,38901884,2020-02-21,0.5501211,1,195,0.21679520137103683,0.3672316384180791
253,36149589,2020-02-11,0.5500953,0,195,0.21765209940017138,0.3672316384180791
254,36020916,2020-02-18,0.55005157,1,196,0.2185089974293059,0.3691148775894539
255,36400390,2020-02-26,0.5499882,1,197,0.21936589545844046,0.3709981167608286
256,36139699,2020-02-20,0.5498964,1,198,0.22022279348757498,0.3728813559322034
257,36676675,2020-03-06,0.54983395,1,199,0.2210796915167095,0.3747645951035782
258,36056228,2020-03-16,0.5495935,1,200,0.22193658954584405,0.3766478342749529
259,48093056,2020-03-23,0.5494297,1,201,0.22279348757497858,0.3785310734463277
260,50215190,2020-03-20,0.5492911,0,201,0.2236503856041131,0.3785310734463277
261,36017291,2020-02-10,0.548625,1,202,0.22450728363324765,0.3804143126177024
262,38978370,2020-03-10,0.5485809,1,203,0.22536418166238217,0.3822975517890772
263,36021494,2020-01-28,0.54856765,0,203,0.2262210796915167,0.3822975517890772
264,36458649,2020-02-21,0.54852736,1,204,0.22707797772065125,0.384180790960452
265,36538481,2020-02-03,0.54818505,1,205,0.22793487574978577,0.3860640301318267
266,49695277,2020-03-10,0.5479666,1,206,0.22879177377892032,0.3879472693032015
267,39235685,2020-03-11,0.5475715,1,207,0.22964867180805484,0.3898305084745763
268,36964642,2020-03-26,0.54740506,0,207,0.23050556983718937,0.3898305084745763
269,38812986,2020-03-19,0.54738665,0,207,0.23136246786632392,0.3898305084745763
270,49119056,2020-02-17,0.5473653,0,207,0.23221936589545844,0.3898305084745763
271,49234704,2020-02-04,0.547309,1,208,0.23307626392459296,0.391713747645951
272,39391319,2020-03-10,0.5471851,0,208,0.23393316195372751,0.391713747645951
273,36138024,2020-03-13,0.54709476,1,209,0.23479005998286204,0.3935969868173258
274,49743099,2020-04-14,0.54669493,1,210,0.23564695801199656,0.3954802259887006
275,49442591,2020-02-10,0.5464301,0,210,0.2365038560411311,0.3954802259887006
276,45950487,2020-02-10,0.5460216,0,210,0.23736075407026563,0.3954802259887006
277,39111523,2020-03-10,0.5456951,1,211,0.23821765209940018,0.3973634651600753
278,36743911,2020-02-13,0.5443267,1,212,0.2390745501285347,0.3992467043314501
279,37166973,2020-01-08,0.5442158,0,212,0.23993144815766923,0.3992467043314501
280,48216131,2020-03-12,0.54326767,1,213,0.24078834618680378,0.4011299435028249
281,49686283,2020-03-10,0.5430906,1,214,0.2416452442159383,0.4030131826741996
282,36018226,2020-02-19,0.54276913,1,215,0.24250214224507283,0.4048964218455744
283,47438547,2020-01-20,0.5421899,0,215,0.24335904027420738,0.4048964218455744
284,49445932,2020-03-30,0.54206276,1,216,0.2442159383033419,0.4067796610169492
285,46227631,2020-02-10,0.5415291,1,217,0.24507283633247642,0.4086629001883239
286,36034305,2020-03-30,0.5415064,1,218,0.24592973436161097,0.4105461393596987
287,36894246,2020-03-24,0.54143,0,218,0.2467866323907455,0.4105461393596987
288,46773696,2020-01-27,0.5412757,0,218,0.24764353041988005,0.4105461393596987
289,36043234,2020-02-25,0.54118556,1,219,0.24850042844901457,0.4124293785310734
290,45727255,2020-02-03,0.5409382,1,220,0.2493573264781491,0.4143126177024482
291,37388492,2020-03-12,0.5409238,0,220,0.25021422450728364,0.4143126177024482
292,49183515,2020-03-11,0.54055244,1,221,0.25107112253641817,0.416195856873823
293,49001705,2020-01-23,0.54031897,1,222,0.2519280205655527,0.4180790960451977
294,48172124,2020-02-25,0.5401199,0,222,0.2527849185946872,0.4180790960451977
295,49088362,2020-03-20,0.54007095,1,223,0.2536418166238218,0.4199623352165725
296,47412141,2020-04-09,0.53998846,0,223,0.2544987146529563,0.4199623352165725
297,38465518,2020-03-13,0.53996223,1,224,0.25535561268209084,0.4218455743879473
298,39126752,2020-03-18,0.53972423,0,224,0.25621251071122536,0.4218455743879473
299,48508757,2020-04-09,0.5396015,0,224,0.2570694087403599,0.4218455743879473
300,46167913,2020-03-23,0.53939337,1,225,0.2579263067694944,0.423728813559322
301,48095078,2020-01-22,0.5390898,1,226,0.258783204798629,0.4256120527306968
302,36058600,2020-02-20,0.53887403,1,227,0.2596401028277635,0.4274952919020716
303,36033672,2020-02-12,0.5386939,1,228,0.26049700085689803,0.4293785310734463
304,36005026,2020-02-10,0.5386087,0,228,0.26135389888603255,0.4293785310734463
305,36045136,2020-02-17,0.5384885,1,229,0.2622107969151671,0.4312617702448211
306,36039449,2020-02-13,0.5380414,1,230,0.26306769494430166,0.4331450094161959
307,38524179,2020-02-18,0.53800976,1,231,0.2639245929734362,0.4350282485875706
308,45148347,2020-02-03,0.53770256,0,231,0.2647814910025707,0.4350282485875706
309,36043052,2020-02-03,0.53766197,0,231,0.2656383890317052,0.4350282485875706
310,46227603,2020-02-24,0.5363108,1,232,0.26649528706083975,0.4369114877589454
311,47971066,2020-04-07,0.53621477,0,232,0.26735218508997427,0.4369114877589454
312,37256744,2020-03-23,0.5361492,0,232,0.26820908311910885,0.4369114877589454
313,36458512,2020-02-27,0.53604656,1,233,0.26906598114824337,0.4387947269303202
314,36166450,2020-01-22,0.53592914,1,234,0.2699228791773779,0.4406779661016949
315,36154700,2020-03-11,0.53571063,0,234,0.2707797772065124,0.4406779661016949
316,36921673,2020-02-06,0.53563553,1,235,0.27163667523564694,0.4425612052730697
317,36238395,2020-02-10,0.5350497,1,236,0.27249357326478146,0.4444444444444444
318,39230936,2020-02-28,0.53493536,1,237,0.27335047129391604,0.4463276836158192
319,36680971,2020-03-04,0.5346064,1,238,0.27420736932305056,0.448210922787194
320,36751428,2020-02-20,0.534296,0,238,0.2750642673521851,0.448210922787194
321,37962309,2020-03-10,0.53411514,1,239,0.2759211653813196,0.4500941619585687
322,47953211,2020-03-19,0.5333075,1,240,0.27677806341045413,0.4519774011299435
323,49246626,2020-03-24,0.5332098,1,241,0.2776349614395887,0.4538606403013183
324,39427808,2020-02-03,0.532907,0,241,0.27849185946872324,0.4538606403013183
325,47345797,2020-03-23,0.5328854,0,241,0.27934875749785776,0.4538606403013183
326,49336838,2020-02-26,0.5328461,0,241,0.2802056555269923,0.4538606403013183
327,38812985,2020-03-10,0.53276217,1,242,0.2810625535561268,0.455743879472693
328,36079948,2020-03-03,0.5326484,0,242,0.2819194515852613,0.455743879472693
329,36026111,2020-03-25,0.53238076,1,243,0.2827763496143959,0.4576271186440678
330,36020771,2020-03-03,0.53193104,1,244,0.28363324764353043,0.4595103578154426
331,36002967,2020-02-10,0.53181595,0,244,0.28449014567266495,0.4595103578154426
332,36912567,2020-02-10,0.53142047,0,244,0.2853470437017995,0.4595103578154426
333,46751700,2020-02-07,0.53085977,1,245,0.286203941730934,0.4613935969868173
334,49457829,2020-02-26,0.5308435,1,246,0.2870608397600686,0.4632768361581921
335,49140534,2020-02-04,0.5307609,1,247,0.2879177377892031,0.4651600753295669
336,42258010,2020-03-30,0.530699,1,248,0.2887746358183376,0.4670433145009416
337,36056745,2020-02-11,0.53036726,1,249,0.28963153384747214,0.4689265536723164
338,36006150,2020-02-04,0.53015375,0,249,0.29048843187660667,0.4689265536723164
339,48344118,2020-01-14,0.5298632,1,250,0.2913453299057412,0.4708097928436911
340,36017684,2020-02-11,0.529692,1,251,0.29220222793487577,0.4726930320150659
341,38832032,2020-03-17,0.5294811,0,251,0.2930591259640103,0.4726930320150659
342,46227506,2020-02-10,0.52946174,1,252,0.2939160239931448,0.4745762711864407
343,36136908,2020-01-22,0.529052,1,253,0.29477292202227934,0.4764595103578154
344,42413983,2020-03-23,0.5289879,0,253,0.29562982005141386,0.4764595103578154
345,48155914,2020-01-02,0.5288144,1,254,0.29648671808054844,0.4783427495291902
346,47878660,2020-01-08,0.5287619,1,255,0.29734361610968296,0.480225988700565
347,47977756,2020-02-28,0.52861303,1,256,0.2982005141388175,0.4821092278719397
348,36552015,2020-03-10,0.52859306,1,257,0.299057412167952,0.4839924670433145
349,48898787,2020-02-25,0.52847105,0,257,0.29991431019708653,0.4839924670433145
350,37302762,2020-03-25,0.5284102,0,257,0.30077120822622105,0.4839924670433145
351,49285224,2020-03-31,0.52839285,0,257,0.30162810625535563,0.4839924670433145
352,48259630,2020-02-27,0.5280637,0,257,0.30248500428449016,0.4839924670433145
353,36238055,2020-03-30,0.52804834,1,258,0.3033419023136247,0.4858757062146893
354,37088039,2020-01-29,0.5278762,1,259,0.3041988003427592,0.487758945386064
355,45309081,2020-02-03,0.52698964,0,259,0.3050556983718937,0.487758945386064
356,48140077,2020-03-23,0.5269883,1,260,0.3059125964010283,0.4896421845574388
357,36380117,2020-04-02,0.5265665,1,261,0.3067694944301628,0.4915254237288136
358,36018542,2020-02-03,0.5263453,0,261,0.30762639245929735,0.4915254237288136
359,36025726,2020-04-06,0.52623975,0,261,0.30848329048843187,0.4915254237288136
360,36407961,2020-03-20,0.52586466,1,262,0.3093401885175664,0.4934086629001883
361,49466721,2020-03-24,0.52531576,1,263,0.3101970865467009,0.4952919020715631
362,36064274,2020-04-09,0.525282,0,263,0.3110539845758355,0.4952919020715631
363,36018169,2020-02-05,0.52512085,1,264,0.31191088260497,0.4971751412429379
364,46050690,2020-03-19,0.5250412,0,264,0.31276778063410454,0.4971751412429379
365,36265335,2020-02-21,0.5246417,1,265,0.31362467866323906,0.4990583804143126
366,37604211,2020-02-11,0.5242805,0,265,0.3144815766923736,0.4990583804143126
367,49590862,2020-03-23,0.52423674,1,266,0.31533847472150817,0.5009416195856874
368,45561635,2020-02-27,0.52401876,1,267,0.3161953727506427,0.5028248587570622
369,36313748,2020-04-10,0.52357656,1,268,0.3170522707797772,0.504708097928437
370,37549002,2020-02-28,0.52311563,1,269,0.31790916880891174,0.5065913370998116
371,39358138,2020-03-04,0.5229381,1,270,0.31876606683804626,0.5084745762711864
372,36043645,2020-02-27,0.5228826,1,271,0.3196229648671808,0.5103578154425612
373,47535759,2020-03-20,0.52279496,0,271,0.32047986289631536,0.5103578154425612
374,47171369,2020-02-03,0.5227162,1,272,0.3213367609254499,0.512241054613936
375,36054551,2020-02-25,0.52263904,1,273,0.3221936589545844,0.5141242937853108
376,36006933,2020-03-10,0.5223395,1,274,0.32305055698371893,0.5160075329566854
377,36064168,2020-03-10,0.5220521,1,275,0.32390745501285345,0.5178907721280602
378,49123510,2020-03-04,0.5220446,0,275,0.32476435304198803,0.5178907721280602
379,49351072,2020-02-20,0.5216948,1,276,0.32562125107112255,0.519774011299435
380,36210073,2020-02-13,0.52154994,0,276,0.3264781491002571,0.519774011299435
381,36954533,2020-02-26,0.5215493,1,277,0.3273350471293916,0.5216572504708098
382,44729543,2020-02-18,0.52145606,0,277,0.3281919451585261,0.5216572504708098
383,48298958,2020-02-28,0.5209883,1,278,0.32904884318766064,0.5235404896421846
384,45553176,2020-02-26,0.5205818,0,278,0.3299057412167952,0.5235404896421846
385,38223670,2020-03-12,0.52055216,1,279,0.33076263924592975,0.5254237288135594
386,47199146,2020-03-11,0.5203647,1,280,0.33161953727506427,0.527306967984934
387,49668784,2020-02-20,0.5202635,0,280,0.3324764353041988,0.527306967984934
388,44766349,2020-01-20,0.52023196,1,281,0.3333333333333333,0.5291902071563088
389,48060085,2020-01-14,0.52019894,0,281,0.3341902313624679,0.5291902071563088
390,44996563,2020-02-11,0.5200123,1,282,0.3350471293916024,0.5310734463276836
391,50767058,2020-03-02,0.519806,1,283,0.33590402742073694,0.5329566854990584
392,44508306,2020-03-10,0.5193943,1,284,0.33676092544987146,0.5348399246704332
393,36516333,2020-02-18,0.5193566,1,285,0.337617823479006,0.536723163841808
394,38429754,2020-02-03,0.5190261,1,286,0.3384747215081405,0.5386064030131826
395,36058959,2020-02-05,0.5190141,1,287,0.3393316195372751,0.5404896421845574
396,47438567,2020-01-20,0.51858974,0,287,0.3401885175664096,0.5404896421845574
397,39358088,2020-02-03,0.51851755,1,288,0.34104541559554413,0.5423728813559322
398,49396979,2020-02-19,0.518284,0,288,0.34190231362467866,0.5423728813559322
399,36033654,2020-01-29,0.5180571,0,288,0.3427592116538132,0.5423728813559322
400,36311511,2020-03-19,0.51798403,1,289,0.34361610968294776,0.544256120527307
401,41445367,2020-02-05,0.51744723,1,290,0.3444730077120823,0.5461393596986818
402,44997354,2020-03-24,0.51735556,0,290,0.3453299057412168,0.5461393596986818
403,49204320,2020-01-21,0.5173167,0,290,0.3461868037703513,0.5461393596986818
404,37089208,2020-03-31,0.5170432,0,290,0.34704370179948585,0.5461393596986818
405,36804221,2020-03-30,0.5164307,1,291,0.34790059982862037,0.5480225988700564
406,37127729,2020-03-18,0.5163829,1,292,0.34875749785775495,0.5499058380414312
407,48913900,2020-03-05,0.5160182,1,293,0.3496143958868895,0.551789077212806
408,36200451,2020-03-11,0.51571316,1,294,0.350471293916024,0.5536723163841808
409,46684004,2020-03-17,0.51569027,0,294,0.3513281919451585,0.5536723163841808
410,44026990,2020-02-03,0.5154006,0,294,0.35218508997429304,0.5536723163841808
411,36391510,2020-03-02,0.51522654,1,295,0.35304198800342756,0.5555555555555556
412,48568706,2020-02-24,0.5150387,1,296,0.35389888603256214,0.5574387947269304
413,49238074,2020-01-30,0.5149927,1,297,0.35475578406169667,0.559322033898305
414,36021031,2020-01-29,0.5147354,1,298,0.3556126820908312,0.5612052730696798
415,39339474,2020-02-10,0.51467454,1,299,0.3564695801199657,0.5630885122410546
416,36020142,2020-03-02,0.5146048,1,300,0.35732647814910024,0.5649717514124294
417,37705051,2020-02-10,0.5145726,0,300,0.3581833761782348,0.5649717514124294
418,41216742,2020-03-17,0.51448256,0,300,0.35904027420736934,0.5649717514124294
419,47958930,2020-03-25,0.5144422,0,300,0.35989717223650386,0.5649717514124294
420,36703706,2020-02-03,0.5141522,0,300,0.3607540702656384,0.5649717514124294
421,48245865,2020-01-15,0.5141019,1,301,0.3616109682947729,0.5668549905838042
422,44839308,2020-02-03,0.51390326,0,301,0.36246786632390743,0.5668549905838042
423,36513106,2020-03-05,0.5137794,0,301,0.363324764353042,0.5668549905838042
424,45309612,2020-02-21,0.5137559,0,301,0.36418166238217653,0.5668549905838042
425,39651272,2020-02-25,0.51362765,0,301,0.36503856041131105,0.5668549905838042
426,48572627,2020-02-28,0.51273453,1,302,0.3658954584404456,0.568738229755179
427,46675832,2020-02-24,0.5125951,1,303,0.3667523564695801,0.5706214689265536
428,36034257,2020-01-22,0.51247954,1,304,0.3676092544987147,0.5725047080979284
429,36540765,2020-02-06,0.51231563,1,305,0.3684661525278492,0.5743879472693032
430,36216486,2020-02-04,0.51228905,1,306,0.3693230505569837,0.576271186440678
431,36447312,2020-02-10,0.5122118,0,306,0.37017994858611825,0.576271186440678
432,36133011,2020-02-28,0.51201224,1,307,0.37103684661525277,0.5781544256120528
433,36138154,2020-03-17,0.51186645,1,308,0.3718937446443873,0.5800376647834274
434,49154046,2020-03-03,0.5113863,1,309,0.37275064267352187,0.5819209039548022
435,49590098,2020-02-28,0.5113639,0,309,0.3736075407026564,0.5819209039548022
436,36044672,2020-02-18,0.5106587,1,310,0.3744644387317909,0.583804143126177
437,45880311,2020-02-21,0.5099049,1,311,0.37532133676092544,0.5856873822975518
438,36436263,2020-02-03,0.5089506,0,311,0.37617823479005996,0.5856873822975518
439,42468496,2020-02-12,0.5086084,1,312,0.37703513281919454,0.5875706214689266
440,39766449,2020-02-18,0.5085399,1,313,0.37789203084832906,0.5894538606403014
441,36014258,2020-03-10,0.5084885,1,314,0.3787489288774636,0.591337099811676
442,49122639,2020-02-19,0.5084665,1,315,0.3796058269065981,0.5932203389830508
443,36951390,2020-03-12,0.50829834,1,316,0.38046272493573263,0.5951035781544256
444,36157063,2020-02-28,0.50823945,0,316,0.38131962296486716,0.5951035781544256
445,48182766,2020-03-24,0.5079502,0,316,0.38217652099400173,0.5951035781544256
446,36310712,2020-01-27,0.5077986,1,317,0.38303341902313626,0.5969868173258004
447,36743912,2020-02-12,0.50768423,0,317,0.3838903170522708,0.5969868173258004
448,47185856,2020-01-27,0.5074115,1,318,0.3847472150814053,0.5988700564971752
449,39211930,2020-03-19,0.507343,0,318,0.3856041131105398,0.5988700564971752
450,48131169,2020-03-04,0.50718683,1,319,0.3864610111396744,0.60075329566855
451,37030760,2020-02-24,0.5066227,1,320,0.3873179091688089,0.6026365348399246
452,49908004,2020-03-19,0.50615746,0,320,0.38817480719794345,0.6026365348399246
453,49585271,2020-02-27,0.5060661,1,321,0.389031705227078,0.6045197740112994
454,48694440,2020-02-03,0.5055616,0,321,0.3898886032562125,0.6045197740112994
455,36369297,2020-02-06,0.5055138,1,322,0.390745501285347,0.6064030131826742
456,47068223,2020-02-28,0.50529736,0,322,0.3916023993144816,0.6064030131826742
457,36320450,2020-03-23,0.5050251,1,323,0.3924592973436161,0.608286252354049
458,46939242,2020-02-03,0.50480634,0,323,0.39331619537275064,0.608286252354049
459,49225047,2020-03-26,0.5047975,1,324,0.39417309340188517,0.6101694915254238
460,47332941,2020-02-03,0.5047412,1,325,0.3950299914310197,0.6120527306967984
461,44094584,2020-01-27,0.50461227,1,326,0.39588688946015427,0.6139359698681732
462,46272193,2020-02-03,0.50458896,1,327,0.3967437874892888,0.615819209039548
463,36401223,2020-02-28,0.5042485,1,328,0.3976006855184233,0.6177024482109228
464,47438592,2020-01-24,0.5041316,1,329,0.39845758354755784,0.6195856873822976
465,36274325,2020-02-25,0.50377905,0,329,0.39931448157669236,0.6195856873822976
466,38140744,2020-02-03,0.50341976,0,329,0.4001713796058269,0.6195856873822976
467,48246472,2020-01-15,0.5030634,1,330,0.40102827763496146,0.6214689265536724
468,49363432,2020-02-05,0.5028499,1,331,0.401885175664096,0.623352165725047
469,46746002,2020-02-03,0.5024712,1,332,0.4027420736932305,0.6252354048964218
470,36059072,2020-01-22,0.5024146,1,333,0.40359897172236503,0.6271186440677966
471,48114970,2020-01-21,0.502169,0,333,0.40445586975149955,0.6271186440677966
472,36538478,2020-02-03,0.5021189,1,334,0.40531276778063413,0.6290018832391714
473,38585792,2020-01-27,0.5019369,1,335,0.40616966580976865,0.6308851224105462
474,39258423,2020-03-03,0.5018924,0,335,0.4070265638389032,0.6308851224105462
475,49907951,2020-03-17,0.50174606,0,335,0.4078834618680377,0.6308851224105462
476,36141268,2020-02-06,0.50123143,1,336,0.4087403598971722,0.632768361581921
477,36063876,2020-01-03,0.5011834,1,337,0.40959725792630675,0.6346516007532956
478,45951987,2020-02-03,0.5006316,1,338,0.4104541559554413,0.6365348399246704
479,49907938,2020-03-23,0.5003225,0,338,0.41131105398457585,0.6365348399246704
480,48125256,2020-03-11,0.50012845,0,338,0.41216795201371037,0.6365348399246704
481,36459026,2020-02-11,0.50011194,1,339,0.4130248500428449,0.6384180790960452
482,47896660,2020-03-05,0.49960265,0,339,0.4138817480719794,0.6384180790960452
483,38099629,2020-02-10,0.4989947,1,340,0.414738646101114,0.64030131826742
484,49028903,2020-02-24,0.49832574,0,340,0.4155955441302485,0.64030131826742
485,37443739,2020-01-22,0.49821693,0,340,0.41645244215938304,0.64030131826742
486,38223657,2020-03-11,0.4977989,0,340,0.41730934018851756,0.64030131826742
487,46914041,2020-01-27,0.4976316,1,341,0.4181662382176521,0.6421845574387948
488,47865336,2020-03-30,0.49759454,0,341,0.4190231362467866,0.6421845574387948
489,36095048,2020-01-27,0.49729022,0,341,0.4198800342759212,0.6421845574387948
490,38691942,2020-02-28,0.4971813,0,341,0.4207369323050557,0.6421845574387948
491,38685235,2020-01-30,0.49715903,0,341,0.42159383033419023,0.6421845574387948
492,36678212,2020-02-05,0.49708384,1,342,0.42245072836332476,0.6440677966101694
493,48703911,2020-02-26,0.49693507,1,343,0.4233076263924593,0.6459510357815442
494,36193384,2020-02-04,0.4966545,0,343,0.4241645244215938,0.6459510357815442
495,24009338,2020-02-25,0.49661842,0,343,0.4250214224507284,0.6459510357815442
496,47132390,2020-02-14,0.49661052,1,344,0.4258783204798629,0.647834274952919
497,47971636,2020-02-05,0.4962177,1,345,0.4267352185089974,0.6497175141242938
498,49075445,2020-02-05,0.49548426,0,345,0.42759211653813195,0.6497175141242938
499,47645814,2020-03-06,0.4951783,0,345,0.4284490145672665,0.6497175141242938
500,36146507,2020-02-03,0.4949058,0,345,0.42930591259640105,0.6497175141242938
501,48990067,2020-03-24,0.49426952,1,346,0.4301628106255356,0.6516007532956686
502,36483663,2020-02-11,0.49402595,1,347,0.4310197086546701,0.6534839924670434
503,37465525,2020-03-20,0.49397102,0,347,0.4318766066838046,0.6534839924670434
504,36013984,2020-02-19,0.49335223,0,347,0.43273350471293914,0.6534839924670434
505,49619765,2020-03-24,0.4932471,0,347,0.43359040274207367,0.6534839924670434
506,39681057,2020-03-04,0.49278766,0,347,0.43444730077120824,0.6534839924670434
507,36187760,2020-03-03,0.49278495,0,347,0.43530419880034277,0.6534839924670434
508,48107323,2020-03-11,0.49271402,1,348,0.4361610968294773,0.655367231638418
509,36007123,2020-02-10,0.49252945,0,348,0.4370179948586118,0.655367231638418
510,36069071,2020-02-04,0.49218205,1,349,0.43787489288774634,0.6572504708097928
511,38270079,2020-02-11,0.49216986,0,349,0.4387317909168809,0.6572504708097928
512,42486940,2020-02-18,0.491939,0,349,0.43958868894601544,0.6572504708097928
513,44433220,2020-02-26,0.49192154,0,349,0.44044558697514996,0.6572504708097928
514,37157861,2020-02-18,0.4915483,1,350,0.4413024850042845,0.6591337099811676
515,39334550,2020-01-29,0.49100262,1,351,0.442159383033419,0.6610169491525424
516,41698290,2020-03-17,0.49018115,0,351,0.44301628106255353,0.6610169491525424
517,36375499,2020-01-24,0.49006402,0,351,0.4438731790916881,0.6610169491525424
518,36030709,2020-03-05,0.4899959,0,351,0.44473007712082263,0.6610169491525424
519,49590081,2020-02-27,0.48971224,1,352,0.44558697514995715,0.6629001883239172
520,36901700,2020-03-12,0.48970297,1,353,0.4464438731790917,0.664783427495292
521,48185666,2020-01-15,0.488519,1,354,0.4473007712082262,0.6666666666666666
522,36011441,2020-01-13,0.4875635,0,354,0.4481576692373608,0.6666666666666666
523,49118519,2020-03-05,0.48737857,1,355,0.4490145672664953,0.6685499058380414
524,49060321,2020-02-27,0.48608297,0,355,0.4498714652956298,0.6685499058380414
525,39682522,2020-02-17,0.4860484,0,355,0.45072836332476435,0.6685499058380414
526,48291159,2020-02-28,0.48601785,0,355,0.45158526135389887,0.6685499058380414
527,49612118,2020-03-30,0.48587462,0,355,0.4524421593830334,0.6685499058380414
528,44509251,2020-01-27,0.48574138,1,356,0.45329905741216797,0.6704331450094162
529,38468946,2020-02-21,0.48571584,0,356,0.4541559554413025,0.6704331450094162
530,49342912,2020-03-16,0.48417133,0,356,0.455012853470437,0.6704331450094162
531,44896920,2020-04-10,0.48261443,0,356,0.45586975149957154,0.6704331450094162
532,48693982,2020-02-21,0.48248878,1,357,0.45672664952870606,0.672316384180791
533,37904870,2020-02-05,0.48239857,1,358,0.45758354755784064,0.6741996233521658
534,38685268,2020-02-03,0.48238975,0,358,0.45844044558697516,0.6741996233521658
535,38464533,2020-02-19,0.4821391,0,358,0.4592973436161097,0.6741996233521658
536,38598422,2020-02-21,0.48188302,0,358,0.4601542416452442,0.6741996233521658
537,47204109,2020-01-27,0.48176357,1,359,0.46101113967437873,0.6760828625235404
538,36054742,2020-02-05,0.48145533,0,359,0.46186803770351326,0.6760828625235404
539,49466866,2020-04-10,0.48118314,0,359,0.46272493573264784,0.6760828625235404
540,45158952,2020-02-19,0.4808536,0,359,0.46358183376178236,0.6760828625235404
541,50162505,2020-03-24,0.48070273,1,360,0.4644387317909169,0.6779661016949152
542,36052139,2020-02-10,0.48049468,0,360,0.4652956298200514,0.6779661016949152
543,36439027,2020-02-25,0.4802776,1,361,0.4661525278491859,0.67984934086629
544,47055396,2020-03-24,0.48021957,0,361,0.4670094258783205,0.67984934086629
545,49367578,2020-03-17,0.48017865,1,362,0.46786632390745503,0.6817325800376648
546,38408825,2020-02-11,0.47999546,0,362,0.46872322193658955,0.6817325800376648
547,38391446,2020-02-19,0.47994772,1,363,0.4695801199657241,0.6836158192090396
548,49029528,2020-02-26,0.47958696,0,363,0.4704370179948586,0.6836158192090396
549,36266979,2020-02-11,0.4792098,1,364,0.4712939160239931,0.6854990583804144
550,49636506,2020-03-13,0.47894496,0,364,0.4721508140531277,0.6854990583804144
551,48984528,2020-03-03,0.47861266,1,365,0.4730077120822622,0.687382297551789
552,43014093,2020-04-09,0.47847322,0,365,0.47386461011139674,0.687382297551789
553,48909908,2020-02-21,0.47847095,0,365,0.47472150814053127,0.687382297551789
554,49122634,2020-02-19,0.47835612,0,365,0.4755784061696658,0.687382297551789
555,36021186,2020-03-11,0.4783502,0,365,0.47643530419880037,0.687382297551789
556,36743907,2020-02-13,0.478161,0,365,0.4772922022279349,0.687382297551789
557,36004146,2020-03-16,0.4779817,1,366,0.4781491002570694,0.6892655367231638
558,36008584,2020-01-21,0.47767237,0,366,0.47900599828620394,0.6892655367231638
559,38676391,2020-03-26,0.47571695,0,366,0.47986289631533846,0.6892655367231638
560,38465697,2020-01-23,0.47561914,1,367,0.480719794344473,0.6911487758945386
561,49645622,2020-04-01,0.47510985,0,367,0.48157669237360756,0.6911487758945386
562,42427379,2020-02-27,0.47460943,0,367,0.4824335904027421,0.6911487758945386
563,39066456,2020-02-12,0.47460327,1,368,0.4832904884318766,0.6930320150659134
564,39369650,2020-02-17,0.47401085,0,368,0.48414738646101113,0.6930320150659134
565,36265363,2020-03-03,0.4736567,1,369,0.48500428449014565,0.6949152542372882
566,38223643,2020-03-11,0.47343642,0,369,0.48586118251928023,0.6949152542372882
567,49088414,2020-03-23,0.47300673,1,370,0.48671808054841476,0.696798493408663
568,47423055,2020-03-02,0.47250128,1,371,0.4875749785775493,0.6986817325800376
569,38691931,2020-03-05,0.47212645,1,372,0.4884318766066838,0.7005649717514124
570,49742125,2020-04-14,0.47188854,0,372,0.4892887746358183,0.7005649717514124
571,37543834,2020-02-26,0.47188097,1,373,0.49014567266495285,0.7024482109227872
572,36391323,2020-03-03,0.4707236,1,374,0.4910025706940874,0.704331450094162
573,38653302,2020-03-26,0.4705875,0,374,0.49185946872322195,0.704331450094162
574,49544866,2020-01-27,0.47056037,0,374,0.49271636675235647,0.704331450094162
575,48549058,2020-02-19,0.47054347,1,375,0.493573264781491,0.7062146892655368
576,47097615,2020-02-17,0.47050318,1,376,0.4944301628106255,0.7080979284369114
577,36267048,2020-03-23,0.4701332,1,377,0.4952870608397601,0.7099811676082862
578,36364337,2020-02-13,0.46994817,0,377,0.4961439588688946,0.7099811676082862
579,49056858,2020-02-04,0.46994457,1,378,0.49700085689802914,0.711864406779661
580,36057449,2020-02-11,0.469302,1,379,0.49785775492716366,0.7137476459510358
581,36885392,2020-03-13,0.46921664,0,379,0.4987146529562982,0.7137476459510358
582,47304478,2020-03-27,0.4682166,0,379,0.4995715509854327,0.7137476459510358
583,47978982,2020-04-16,0.4681201,0,379,0.5004284490145673,0.7137476459510358
584,38764600,2020-03-09,0.4681029,0,379,0.5012853470437018,0.7137476459510358
585,47329098,2020-01-20,0.467949,1,380,0.5021422450728363,0.7156308851224106
586,46686527,2020-03-04,0.4667482,0,380,0.5029991431019709,0.7156308851224106
587,36540155,2020-02-03,0.46671206,0,380,0.5038560411311054,0.7156308851224106
588,41196089,2020-03-04,0.46524164,1,381,0.50471293916024,0.7175141242937854
589,47535703,2020-03-20,0.46520823,1,382,0.5055698371893744,0.71939736346516
590,36141264,2020-02-06,0.46503323,1,383,0.506426735218509,0.7212806026365348
591,49071582,2020-03-05,0.46497568,0,383,0.5072836332476436,0.7212806026365348
592,49129580,2020-02-18,0.4648902,1,384,0.508140531276778,0.7231638418079096
593,36237631,2020-02-03,0.46466458,1,385,0.5089974293059126,0.7250470809792844
594,41673422,2020-02-18,0.46400437,0,385,0.5098543273350471,0.7250470809792844
595,36018547,2020-02-04,0.46391124,0,385,0.5107112253641817,0.7250470809792844
596,45852333,2020-03-19,0.46383858,0,385,0.5115681233933161,0.7250470809792844
597,39147427,2020-03-05,0.4631366,0,385,0.5124250214224507,0.7250470809792844
598,38131503,2020-02-18,0.46269155,1,386,0.5132819194515853,0.7269303201506592
599,48591522,2020-01-13,0.4624119,0,386,0.5141388174807198,0.7269303201506592
600,37270362,2020-02-18,0.46225768,0,386,0.5149957155098543,0.7269303201506592
601,46664405,2020-02-19,0.4620193,1,387,0.5158526135389888,0.7288135593220338
602,36176436,2020-01-27,0.46173277,0,387,0.5167095115681234,0.7288135593220338
603,45043741,2020-02-17,0.46123743,0,387,0.517566409597258,0.7288135593220338
604,36121019,2020-04-02,0.4611718,0,387,0.5184233076263924,0.7288135593220338
605,36057152,2020-02-28,0.46076518,0,387,0.519280205655527,0.7288135593220338
606,36268422,2020-03-31,0.46069515,0,387,0.5201371036846615,0.7288135593220338
607,36539343,2020-02-03,0.45951918,1,388,0.5209940017137961,0.7306967984934086
608,36025221,2020-03-19,0.4593139,1,389,0.5218508997429306,0.7325800376647834
609,36759273,2020-03-23,0.45929238,1,390,0.5227077977720651,0.7344632768361582
610,36009263,2020-01-27,0.45903182,1,391,0.5235646958011997,0.736346516007533
611,45324692,2020-03-25,0.45894918,1,392,0.5244215938303342,0.7382297551789078
612,36415696,2020-01-29,0.45870152,0,392,0.5252784918594687,0.7382297551789078
613,36004144,2020-03-09,0.4584969,0,392,0.5261353898886033,0.7382297551789078
614,48192824,2020-03-23,0.4578184,0,392,0.5269922879177378,0.7382297551789078
615,45845532,2020-01-30,0.45632914,0,392,0.5278491859468724,0.7382297551789078
616,46347823,2020-03-03,0.45625314,0,392,0.5287060839760068,0.7382297551789078
617,44919319,2020-02-26,0.45609963,0,392,0.5295629820051414,0.7382297551789078
618,41810707,2020-02-10,0.45550177,1,393,0.5304198800342759,0.7401129943502824
619,47345782,2020-01-27,0.45544142,0,393,0.5312767780634104,0.7401129943502824
620,39214586,2020-01-13,0.4552392,0,393,0.532133676092545,0.7401129943502824
621,36467433,2020-03-23,0.45516583,0,393,0.5329905741216795,0.7401129943502824
622,39299527,2020-01-27,0.4529437,0,393,0.5338474721508141,0.7401129943502824
623,46434828,2020-02-18,0.4527194,0,393,0.5347043701799485,0.7401129943502824
624,36139416,2020-01-27,0.45244431,1,394,0.5355612682090831,0.7419962335216572
625,41802633,2020-02-27,0.4518997,0,394,0.5364181662382177,0.7419962335216572
626,49138735,2020-01-27,0.45134073,0,394,0.5372750642673522,0.7419962335216572
627,47008606,2020-02-12,0.45121935,1,395,0.5381319622964867,0.743879472693032
628,36411999,2020-03-06,0.4505134,0,395,0.5389888603256212,0.743879472693032
629,36030635,2020-02-04,0.44990164,0,395,0.5398457583547558,0.743879472693032
630,47468688,2020-01-27,0.44930872,0,395,0.5407026563838904,0.743879472693032
631,48594010,2020-04-10,0.4491749,0,395,0.5415595544130248,0.743879472693032
632,48185979,2020-01-13,0.4477933,0,395,0.5424164524421594,0.743879472693032
633,36148257,2020-02-17,0.44761044,0,395,0.5432733504712939,0.743879472693032
634,36755062,2020-02-07,0.4465969,1,396,0.5441302485004285,0.7457627118644068
635,36486886,2020-02-17,0.44617105,0,396,0.5449871465295629,0.7457627118644068
636,37039941,2020-03-26,0.44609535,0,396,0.5458440445586975,0.7457627118644068
637,47072649,2020-02-26,0.44562078,0,396,0.5467009425878321,0.7457627118644068
638,39264992,2020-01-13,0.4448782,0,396,0.5475578406169666,0.7457627118644068
639,48095036,2020-03-04,0.44448626,1,397,0.5484147386461011,0.7476459510357816
640,45078444,2020-01-14,0.4442328,1,398,0.5492716366752356,0.7495291902071564
641,49907946,2020-03-20,0.44294807,0,398,0.5501285347043702,0.7495291902071564
642,36150567,2020-03-06,0.44204488,0,398,0.5509854327335048,0.7495291902071564
643,36016685,2020-03-10,0.44169325,0,398,0.5518423307626392,0.7495291902071564
644,49352565,2020-03-20,0.44154018,0,398,0.5526992287917738,0.7495291902071564
645,49494767,2020-03-25,0.44075713,0,398,0.5535561268209083,0.7495291902071564
646,48658235,2020-03-06,0.44025835,1,399,0.5544130248500428,0.751412429378531
647,41804425,2020-02-26,0.43927398,0,399,0.5552699228791774,0.751412429378531
648,36027156,2020-04-02,0.43854317,0,399,0.5561268209083119,0.751412429378531
649,49074458,2020-03-03,0.43756846,0,399,0.5569837189374465,0.751412429378531
650,36025140,2020-02-10,0.4367327,0,399,0.5578406169665809,0.751412429378531
651,46685155,2020-02-27,0.43660876,0,399,0.5586975149957155,0.751412429378531
652,46217385,2020-01-28,0.43656832,0,399,0.5595544130248501,0.751412429378531
653,48059696,2020-02-05,0.43597227,1,400,0.5604113110539846,0.7532956685499058
654,44430657,2020-02-19,0.43344122,1,401,0.5612682090831191,0.7551789077212806
655,38223627,2020-03-04,0.43318278,0,401,0.5621251071122536,0.7551789077212806
656,38685267,2020-02-03,0.43297455,1,402,0.5629820051413882,0.7570621468926554
657,36009335,2020-03-11,0.43282968,1,403,0.5638389031705227,0.7589453860640302
658,36428861,2020-03-05,0.4327798,0,403,0.5646958011996572,0.7589453860640302
659,46939269,2020-02-03,0.43275425,0,403,0.5655526992287918,0.7589453860640302
660,38139706,2020-02-27,0.43263334,0,403,0.5664095972579263,0.7589453860640302
661,36000389,2020-03-16,0.43260336,1,404,0.5672664952870609,0.7608286252354048
662,38685015,2020-03-04,0.4320149,1,405,0.5681233933161953,0.7627118644067796
663,36373053,2020-02-20,0.4311921,1,406,0.5689802913453299,0.7645951035781544
664,36141405,2020-03-06,0.43118972,0,406,0.5698371893744645,0.7645951035781544
665,47351915,2020-01-23,0.42955264,0,406,0.570694087403599,0.7645951035781544
666,36002382,2020-02-11,0.4291739,0,406,0.5715509854327335,0.7645951035781544
667,49373765,2020-02-20,0.4290191,0,406,0.572407883461868,0.7645951035781544
668,36046096,2019-11-27,0.42901284,1,407,0.5732647814910026,0.7664783427495292
669,38762606,2020-03-25,0.4284497,0,407,0.5741216795201372,0.7664783427495292
670,49073654,2020-03-11,0.42826813,0,407,0.5749785775492716,0.7664783427495292
671,47637951,2020-01-20,0.42809308,0,407,0.5758354755784062,0.7664783427495292
672,36447798,2020-03-16,0.42796767,1,408,0.5766923736075407,0.768361581920904
673,40438843,2020-02-19,0.42631295,0,408,0.5775492716366752,0.768361581920904
674,49088405,2020-03-06,0.4248859,0,408,0.5784061696658098,0.768361581920904
675,50187906,2020-03-11,0.42471817,0,408,0.5792630676949443,0.768361581920904
676,38651077,2020-02-04,0.4235419,1,409,0.5801199657240789,0.7702448210922788
677,47893260,2020-02-26,0.4224036,1,410,0.5809768637532133,0.7721280602636534
678,48242799,2020-02-19,0.42234287,0,410,0.5818337617823479,0.7721280602636534
679,49731726,2020-01-27,0.42208782,1,411,0.5826906598114824,0.7740112994350282
680,36014944,2020-02-18,0.42205223,0,411,0.583547557840617,0.7740112994350282
681,36552820,2019-11-28,0.42204115,1,412,0.5844044558697515,0.775894538606403
682,42392006,2020-02-03,0.42203632,0,412,0.585261353898886,0.775894538606403
683,36016785,2020-04-06,0.42110318,1,413,0.5861182519280206,0.7777777777777778
684,36123076,2020-03-11,0.42070624,1,414,0.586975149957155,0.7796610169491526
685,47766343,2020-03-24,0.42063078,1,415,0.5878320479862896,0.7815442561205274
686,36017349,2020-02-18,0.42013568,0,415,0.5886889460154242,0.7815442561205274
687,49089083,2020-01-28,0.41916925,1,416,0.5895458440445587,0.783427495291902
688,48489446,2020-02-18,0.41785914,1,417,0.5904027420736933,0.7853107344632768
689,46914110,2020-04-08,0.41715822,1,418,0.5912596401028277,0.7871939736346516
690,48300423,2020-02-25,0.41635635,0,418,0.5921165381319623,0.7871939736346516
691,48215712,2020-02-06,0.41618606,0,418,0.5929734361610969,0.7871939736346516
692,46526493,2020-03-04,0.41538587,0,418,0.5938303341902313,0.7871939736346516
693,47445346,2020-03-09,0.41535527,1,419,0.5946872322193659,0.7890772128060264
694,50767048,2020-03-04,0.41475746,0,419,0.5955441302485004,0.7890772128060264
695,36135001,2020-03-25,0.41452414,1,420,0.596401028277635,0.7909604519774012
696,46267529,2020-02-04,0.41442928,1,421,0.5972579263067695,0.7928436911487758
697,50187911,2020-03-11,0.41429102,0,421,0.598114824335904,0.7928436911487758
698,38584289,2020-01-27,0.41321048,0,421,0.5989717223650386,0.7928436911487758
699,36069651,2020-02-28,0.4117883,1,422,0.5998286203941731,0.7947269303201506
700,48216435,2020-03-04,0.41151944,1,423,0.6006855184233076,0.7966101694915254
701,45384594,2020-02-10,0.4114531,0,423,0.6015424164524421,0.7966101694915254
702,36004152,2020-02-05,0.41122064,1,424,0.6023993144815767,0.7984934086629002
703,48046249,2020-02-28,0.41032657,0,424,0.6032562125107113,0.7984934086629002
704,47983024,2020-03-02,0.4100298,0,424,0.6041131105398457,0.7984934086629002
705,36065756,2020-03-10,0.40999138,1,425,0.6049700085689803,0.800376647834275
706,44956260,2020-03-04,0.40982053,1,426,0.6058269065981148,0.8022598870056498
707,42413987,2020-03-23,0.40958977,0,426,0.6066838046272494,0.8022598870056498
708,39362951,2020-02-27,0.40853092,0,426,0.6075407026563839,0.8022598870056498
709,48185396,2020-03-23,0.40684506,1,427,0.6083976006855184,0.8041431261770244
710,40207653,2020-01-14,0.40636587,1,428,0.609254498714653,0.8060263653483992
711,39669569,2020-01-16,0.4060029,0,428,0.6101113967437874,0.8060263653483992
712,44637442,2020-03-05,0.4059325,0,428,0.610968294772922,0.8060263653483992
713,47422234,2020-04-09,0.4058608,1,429,0.6118251928020566,0.807909604519774
714,40043969,2020-02-03,0.40535384,0,429,0.6126820908311911,0.807909604519774
715,36397087,2020-03-11,0.4047909,1,430,0.6135389888603257,0.8097928436911488
716,42161461,2020-02-21,0.40453604,0,430,0.6143958868894601,0.8097928436911488
717,49524571,2020-02-06,0.4039594,0,430,0.6152527849185947,0.8097928436911488
718,38140937,2020-01-13,0.4036559,1,431,0.6161096829477292,0.8116760828625236
719,36030971,2020-02-12,0.4032352,0,431,0.6169665809768637,0.8116760828625236
720,38307399,2020-02-28,0.4022305,1,432,0.6178234790059983,0.8135593220338984
721,48601997,2020-01-14,0.40195155,0,432,0.6186803770351328,0.8135593220338984
722,37274195,2020-03-24,0.40177888,0,432,0.6195372750642674,0.8135593220338984
723,36150810,2020-02-10,0.4015006,0,432,0.6203941730934018,0.8135593220338984
724,36138548,2020-03-18,0.40145618,1,433,0.6212510711225364,0.815442561205273
725,47631122,2020-03-25,0.40112123,0,433,0.622107969151671,0.815442561205273
726,48259646,2020-03-03,0.40054643,0,433,0.6229648671808055,0.815442561205273
727,36743920,2020-02-17,0.39937663,0,433,0.62382176520994,0.815442561205273
728,48524365,2020-02-04,0.3987074,1,434,0.6246786632390745,0.8173258003766478
729,49065696,2020-02-20,0.3986196,1,435,0.6255355612682091,0.8192090395480226
730,49123508,2020-02-19,0.39756963,0,435,0.6263924592973437,0.8192090395480226
731,47766320,2020-03-25,0.39647964,0,435,0.6272493573264781,0.8192090395480226
732,38685270,2020-03-04,0.3954065,1,436,0.6281062553556127,0.8210922787193974
733,38794116,2020-02-27,0.39483067,1,437,0.6289631533847472,0.8229755178907722
734,39939434,2020-01-16,0.3942994,1,438,0.6298200514138818,0.8248587570621468
735,47438561,2020-01-20,0.39410475,0,438,0.6306769494430163,0.8248587570621468
736,44985269,2020-03-12,0.39206672,0,438,0.6315338474721508,0.8248587570621468
737,36026746,2020-03-12,0.3919361,0,438,0.6323907455012854,0.8248587570621468
738,36427877,2020-02-05,0.3916979,1,439,0.6332476435304198,0.8267419962335216
739,49431495,2020-03-20,0.38993588,0,439,0.6341045415595544,0.8267419962335216
740,36743909,2020-02-14,0.38986683,0,439,0.6349614395886889,0.8267419962335216
741,49182946,2020-02-28,0.38855174,1,440,0.6358183376178235,0.8286252354048964
742,49237604,2020-03-31,0.38736844,0,440,0.636675235646958,0.8286252354048964
743,42486933,2020-02-19,0.38718593,1,441,0.6375321336760925,0.8305084745762712
744,40665838,2020-01-13,0.38621798,0,441,0.6383890317052271,0.8305084745762712
745,45494027,2020-03-25,0.38617694,1,442,0.6392459297343616,0.832391713747646
746,48163943,2020-02-05,0.3856276,0,442,0.6401028277634961,0.832391713747646
747,36008129,2020-03-10,0.38515985,0,442,0.6409597257926307,0.832391713747646
748,36743918,2020-02-17,0.38515806,0,442,0.6418166238217652,0.832391713747646
749,47945302,2020-01-27,0.38493127,0,442,0.6426735218508998,0.832391713747646
750,24010864,2020-02-05,0.3839014,0,442,0.6435304198800342,0.832391713747646
751,49039455,2020-03-06,0.382752,0,442,0.6443873179091688,0.832391713747646
752,36014886,2020-02-11,0.382632,0,442,0.6452442159383034,0.832391713747646
753,47216258,2020-02-13,0.3818092,0,442,0.6461011139674379,0.832391713747646
754,36482694,2020-04-09,0.38180545,1,443,0.6469580119965724,0.8342749529190208
755,39329642,2020-02-13,0.38174066,1,444,0.6478149100257069,0.8361581920903954
756,47710767,2020-02-04,0.38154504,0,444,0.6486718080548415,0.8361581920903954
757,38129013,2020-03-18,0.38030356,0,444,0.6495287060839761,0.8361581920903954
758,36017610,2020-02-11,0.38008085,0,444,0.6503856041131105,0.8361581920903954
759,36004094,2020-03-03,0.37904355,0,444,0.6512425021422451,0.8361581920903954
760,41827564,2020-02-10,0.37852263,0,444,0.6520994001713796,0.8361581920903954
761,38685269,2020-02-04,0.37834984,0,444,0.6529562982005142,0.8361581920903954
762,45011249,2020-02-14,0.3774969,0,444,0.6538131962296486,0.8361581920903954
763,36743921,2020-02-17,0.37659988,0,444,0.6546700942587832,0.8361581920903954
764,39357894,2020-02-11,0.37630424,0,444,0.6555269922879178,0.8361581920903954
765,49405674,2020-03-11,0.37526232,0,444,0.6563838903170522,0.8361581920903954
766,39712409,2020-02-05,0.3749396,1,445,0.6572407883461868,0.8380414312617702
767,49431499,2020-03-16,0.37490088,0,445,0.6580976863753213,0.8380414312617702
768,36973303,2020-02-13,0.3747355,0,445,0.6589545844044559,0.8380414312617702
769,36033674,2020-02-17,0.37414327,0,445,0.6598114824335904,0.8380414312617702
770,36010477,2020-03-10,0.37327042,0,445,0.6606683804627249,0.8380414312617702
771,46497125,2020-02-17,0.37225118,0,445,0.6615252784918595,0.8380414312617702
772,48179525,2020-03-05,0.3720603,0,445,0.662382176520994,0.8380414312617702
773,43013663,2020-02-18,0.37187186,0,445,0.6632390745501285,0.8380414312617702
774,46439635,2020-02-18,0.37174872,0,445,0.6640959725792631,0.8380414312617702
775,36066070,2020-03-11,0.37155414,0,445,0.6649528706083976,0.8380414312617702
776,44669350,2020-02-13,0.37110525,0,445,0.6658097686375322,0.8380414312617702
777,38222107,2020-03-04,0.37091997,1,446,0.6666666666666666,0.839924670433145
778,36743905,2020-02-14,0.36960626,1,447,0.6675235646958012,0.8418079096045198
779,44181527,2020-02-04,0.36935723,0,447,0.6683804627249358,0.8418079096045198
780,46955870,2020-03-05,0.36875278,0,447,0.6692373607540703,0.8418079096045198
781,49076439,2020-01-29,0.36810923,0,447,0.6700942587832048,0.8418079096045198
782,41788482,2020-02-04,0.36744624,0,447,0.6709511568123393,0.8418079096045198
783,39363195,2020-02-19,0.36711407,0,447,0.6718080548414739,0.8418079096045198
784,45318307,2020-02-05,0.36687484,0,447,0.6726649528706083,0.8418079096045198
785,48006778,2020-02-05,0.3660706,1,448,0.6735218508997429,0.8436911487758946
786,48552647,2020-02-21,0.36536822,0,448,0.6743787489288775,0.8436911487758946
787,36077148,2020-04-06,0.3647146,1,449,0.675235646958012,0.8455743879472694
788,36009053,2020-02-21,0.3636483,0,449,0.6760925449871465,0.8455743879472694
789,39102646,2020-02-18,0.36355293,1,450,0.676949443016281,0.847457627118644
790,36743922,2020-02-14,0.363272,0,450,0.6778063410454156,0.847457627118644
791,36209530,2020-02-13,0.36304054,0,450,0.6786632390745502,0.847457627118644
792,46381417,2020-03-03,0.36301467,1,451,0.6795201371036846,0.8493408662900188
793,36006464,2020-02-04,0.36269435,0,451,0.6803770351328192,0.8493408662900188
794,40514253,2020-02-18,0.36257163,0,451,0.6812339331619537,0.8493408662900188
795,47431361,2020-01-27,0.36169934,0,451,0.6820908311910883,0.8493408662900188
796,36477199,2020-02-04,0.3616425,0,451,0.6829477292202228,0.8493408662900188
797,36019791,2020-03-10,0.36148676,1,452,0.6838046272493573,0.8512241054613936
798,36405483,2020-01-23,0.36085296,1,453,0.6846615252784919,0.8531073446327684
799,48263623,2020-01-15,0.36076555,1,454,0.6855184233076264,0.8549905838041432
800,44448433,2020-02-25,0.3605333,1,455,0.6863753213367609,0.8568738229755178
801,49711923,2020-02-04,0.3603866,1,456,0.6872322193658955,0.8587570621468926
802,48104427,2020-02-19,0.35962865,0,456,0.68808911739503,0.8587570621468926
803,46204305,2020-02-27,0.35782897,0,456,0.6889460154241646,0.8587570621468926
804,38828790,2020-02-05,0.3574967,0,456,0.689802913453299,0.8587570621468926
805,38240662,2020-01-31,0.35749412,0,456,0.6906598114824336,0.8587570621468926
806,49203334,2020-02-06,0.35700265,0,456,0.6915167095115681,0.8587570621468926
807,48259642,2020-03-02,0.3563495,1,457,0.6923736075407027,0.8606403013182674
808,47046928,2020-02-17,0.3561793,0,457,0.6932305055698372,0.8606403013182674
809,45031405,2020-03-25,0.35558942,0,457,0.6940874035989717,0.8606403013182674
810,49442734,2020-03-24,0.3553115,1,458,0.6949443016281063,0.8625235404896422
811,36005151,2020-03-05,0.35493782,1,459,0.6958011996572407,0.864406779661017
812,39129951,2020-01-20,0.35474956,0,459,0.6966580976863753,0.864406779661017
813,36743908,2020-02-13,0.3547489,1,460,0.6975149957155099,0.8662900188323918
814,49713973,2020-04-10,0.35419613,0,460,0.6983718937446444,0.8662900188323918
815,39247523,2020-04-10,0.35176837,0,460,0.699228791773779,0.8662900188323918
816,36743916,2020-02-13,0.35138986,1,461,0.7000856898029134,0.8681732580037664
817,36102794,2020-03-30,0.35136655,0,461,0.700942587832048,0.8681732580037664
818,40815189,2020-02-06,0.35032606,0,461,0.7017994858611826,0.8681732580037664
819,36030368,2020-03-16,0.35029107,0,461,0.702656383890317,0.8681732580037664
820,42487392,2020-03-04,0.34857965,0,461,0.7035132819194516,0.8681732580037664
821,37256726,2020-03-18,0.34814918,1,462,0.7043701799485861,0.8700564971751412
822,46837476,2020-01-31,0.34586653,0,462,0.7052270779777207,0.8700564971751412
823,44340188,2020-03-19,0.34578225,0,462,0.7060839760068551,0.8700564971751412
824,49437858,2020-02-17,0.3456345,1,463,0.7069408740359897,0.871939736346516
825,50767055,2020-03-05,0.34561434,0,463,0.7077977720651243,0.871939736346516
826,38372146,2020-03-04,0.34495392,0,463,0.7086546700942588,0.871939736346516
827,49124460,2020-02-21,0.34492722,1,464,0.7095115681233933,0.8738229755178908
828,47319684,2020-02-12,0.34471923,0,464,0.7103684661525278,0.8738229755178908
829,37256736,2020-03-18,0.34356505,0,464,0.7112253641816624,0.8738229755178908
830,36138364,2020-02-28,0.34300107,1,465,0.712082262210797,0.8757062146892656
831,36026787,2020-03-09,0.34264457,0,465,0.7129391602399314,0.8757062146892656
832,38731382,2020-02-14,0.3420311,0,465,0.713796058269066,0.8757062146892656
833,45581081,2020-01-13,0.34201583,0,465,0.7146529562982005,0.8757062146892656
834,36000469,2020-03-10,0.34169656,0,465,0.715509854327335,0.8757062146892656
835,42161796,2020-03-30,0.34157127,0,465,0.7163667523564696,0.8757062146892656
836,47383134,2020-02-21,0.33998814,0,465,0.7172236503856041,0.8757062146892656
837,44435649,2020-02-04,0.3390972,0,465,0.7180805484147387,0.8757062146892656
838,47810940,2020-02-28,0.33808315,0,465,0.7189374464438731,0.8757062146892656
839,36018531,2020-03-23,0.33754963,1,466,0.7197943444730077,0.8775894538606404
840,36077515,2020-03-09,0.33744568,0,466,0.7206512425021423,0.8775894538606404
841,38374945,2020-03-24,0.33681965,0,466,0.7215081405312768,0.8775894538606404
842,36030769,2020-03-16,0.33596155,0,466,0.7223650385604113,0.8775894538606404
843,39711484,2020-02-04,0.3355053,0,466,0.7232219365895458,0.8775894538606404
844,46026756,2020-02-06,0.3354953,0,466,0.7240788346186804,0.8775894538606404
845,49192889,2020-03-03,0.33500633,0,466,0.7249357326478149,0.8775894538606404
846,45789559,2020-01-30,0.33467865,1,467,0.7257926306769494,0.879472693032015
847,36729768,2020-03-06,0.3345602,1,468,0.726649528706084,0.8813559322033898
848,36008162,2020-02-25,0.33270007,0,468,0.7275064267352185,0.8813559322033898
849,47261791,2020-02-21,0.33251387,0,468,0.7283633247643531,0.8813559322033898
850,47414525,2020-02-19,0.332155,0,468,0.7292202227934875,0.8813559322033898
851,47758891,2020-02-10,0.3320829,0,468,0.7300771208226221,0.8813559322033898
852,36538821,2020-01-16,0.3320697,0,468,0.7309340188517567,0.8813559322033898
853,48050443,2020-02-25,0.33200923,0,468,0.7317909168808912,0.8813559322033898
854,36008797,2020-03-05,0.33131745,0,468,0.7326478149100257,0.8813559322033898
855,49536962,2020-03-31,0.33084616,0,468,0.7335047129391602,0.8813559322033898
856,36157675,2020-03-09,0.33068717,0,468,0.7343616109682948,0.8813559322033898
857,36429595,2020-03-11,0.330279,1,469,0.7352185089974294,0.8832391713747646
858,36004023,2020-03-16,0.329531,1,470,0.7360754070265638,0.8851224105461394
859,39654214,2020-03-24,0.3294626,0,470,0.7369323050556984,0.8851224105461394
860,36313347,2020-02-05,0.32915896,1,471,0.7377892030848329,0.8870056497175142
861,36404218,2020-03-10,0.32633135,1,472,0.7386461011139674,0.8888888888888888
862,36063163,2020-02-25,0.32623306,0,472,0.739502999143102,0.8888888888888888
863,49337135,2020-03-25,0.3261088,1,473,0.7403598971722365,0.8907721280602636
864,39119744,2020-02-07,0.3259057,1,474,0.7412167952013711,0.8926553672316384
865,36033702,2020-03-16,0.32560268,0,474,0.7420736932305055,0.8926553672316384
866,45545788,2020-03-11,0.32467154,1,475,0.7429305912596401,0.8945386064030132
867,47509451,2020-01-13,0.32455045,0,475,0.7437874892887746,0.8945386064030132
868,36000484,2020-04-06,0.3239967,0,475,0.7446443873179092,0.8945386064030132
869,50397410,2020-03-27,0.32378063,0,475,0.7455012853470437,0.8945386064030132
870,48048195,2020-02-04,0.3235454,0,475,0.7463581833761782,0.8945386064030132
871,44727075,2020-03-10,0.3224471,0,475,0.7472150814053128,0.8945386064030132
872,36048885,2020-03-03,0.32241157,0,475,0.7480719794344473,0.8945386064030132
873,46825948,2020-03-05,0.32235554,1,476,0.7489288774635818,0.896421845574388
874,37256986,2020-03-11,0.31902242,0,476,0.7497857754927164,0.896421845574388
875,46900385,2019-11-28,0.31857675,0,476,0.7506426735218509,0.896421845574388
876,47766745,2020-02-07,0.3184832,0,476,0.7514995715509855,0.896421845574388
877,47309038,2020-03-12,0.3177672,0,476,0.7523564695801199,0.896421845574388
878,38419597,2020-03-06,0.3175157,0,476,0.7532133676092545,0.896421845574388
879,41499578,2020-03-04,0.31742424,0,476,0.7540702656383891,0.896421845574388
880,36404730,2020-03-06,0.3171981,1,477,0.7549271636675235,0.8983050847457628
881,49495142,2020-03-11,0.31670788,1,478,0.7557840616966581,0.9001883239171374
882,49444876,2020-03-24,0.31626222,1,479,0.7566409597257926,0.9020715630885122
883,49088165,2020-03-23,0.31533298,0,479,0.7574978577549272,0.9020715630885122
884,36026706,2020-03-11,0.31532124,1,480,0.7583547557840618,0.903954802259887
885,38296927,2020-04-15,0.31412494,0,480,0.7592116538131962,0.903954802259887
886,47009868,2020-03-09,0.31277767,0,480,0.7600685518423308,0.903954802259887
887,36826331,2020-01-27,0.31157655,0,480,0.7609254498714653,0.903954802259887
888,37147686,2020-02-28,0.3115609,0,480,0.7617823479005998,0.903954802259887
889,49244660,2020-02-06,0.31144512,0,480,0.7626392459297343,0.903954802259887
890,46939894,2020-02-04,0.3110894,0,480,0.7634961439588689,0.903954802259887
891,36948177,2020-02-25,0.31084535,0,480,0.7643530419880035,0.903954802259887
892,38302270,2020-03-05,0.309034,0,480,0.7652099400171379,0.903954802259887
893,47441303,2020-03-05,0.308644,0,480,0.7660668380462725,0.903954802259887
894,37256839,2020-03-11,0.3077639,0,480,0.766923736075407,0.903954802259887
895,39306424,2020-04-10,0.30746266,1,481,0.7677806341045416,0.9058380414312618
896,36014675,2020-03-19,0.3074083,1,482,0.7686375321336761,0.9077212806026366
897,45386338,2020-03-02,0.30712688,0,482,0.7694944301628106,0.9077212806026366
898,36743923,2020-02-14,0.30707029,0,482,0.7703513281919452,0.9077212806026366
899,36743919,2020-02-14,0.30688652,1,483,0.7712082262210797,0.9096045197740112
900,49499416,2020-03-27,0.3066784,0,483,0.7720651242502142,0.9096045197740112
901,47535746,2020-03-25,0.30643675,0,483,0.7729220222793488,0.9096045197740112
902,42906831,2020-03-04,0.30643332,0,483,0.7737789203084833,0.9096045197740112
903,46914117,2020-02-17,0.30631486,1,484,0.7746358183376179,0.911487758945386
904,38224205,2020-02-27,0.3061601,1,485,0.7754927163667523,0.9133709981167608
905,36067931,2020-03-18,0.30562735,0,485,0.7763496143958869,0.9133709981167608
906,49638520,2020-03-23,0.3051533,1,486,0.7772065124250214,0.9152542372881356
907,48947585,2020-03-10,0.30483073,0,486,0.778063410454156,0.9152542372881356
908,36162397,2020-03-09,0.30416465,1,487,0.7789203084832905,0.9171374764595104
909,48515125,2020-02-26,0.30382514,0,487,0.779777206512425,0.9171374764595104
910,38553370,2020-03-25,0.30310285,0,487,0.7806341045415596,0.9171374764595104
911,49666687,2020-02-10,0.30299145,1,488,0.781491002570694,0.9190207156308852
912,36405697,2020-01-22,0.3017807,0,488,0.7823479005998286,0.9190207156308852
913,42015737,2020-01-27,0.3012952,0,488,0.7832047986289632,0.9190207156308852
914,49431573,2020-02-28,0.30077714,0,488,0.7840616966580977,0.9190207156308852
915,37365772,2020-03-04,0.2997278,0,488,0.7849185946872322,0.9190207156308852
916,48077469,2020-02-10,0.29957175,0,488,0.7857754927163667,0.9190207156308852
917,47132419,2020-02-14,0.29933098,1,489,0.7866323907455013,0.9209039548022598
918,39334562,2020-01-29,0.29880837,0,489,0.7874892887746359,0.9209039548022598
919,45325864,2020-02-13,0.29855064,0,489,0.7883461868037703,0.9209039548022598
920,44325795,2020-02-03,0.29827026,1,490,0.7892030848329049,0.9227871939736346
921,38785497,2020-02-21,0.29778457,0,490,0.7900599828620394,0.9227871939736346
922,36173961,2020-03-16,0.29747432,0,490,0.790916880891174,0.9227871939736346
923,36030416,2020-03-19,0.29741314,1,491,0.7917737789203085,0.9246704331450094
924,47674269,2020-02-14,0.29654256,0,491,0.792630676949443,0.9246704331450094
925,38419651,2020-03-10,0.29527757,0,491,0.7934875749785776,0.9246704331450094
926,44325801,2020-02-03,0.29434586,0,491,0.794344473007712,0.9246704331450094
927,37802739,2020-03-18,0.294122,1,492,0.7952013710368466,0.9265536723163842
928,42478670,2020-01-13,0.2939327,0,492,0.7960582690659811,0.9265536723163842
929,36065750,2020-02-10,0.29297513,0,492,0.7969151670951157,0.9265536723163842
930,42528283,2020-02-17,0.29209274,0,492,0.7977720651242503,0.9265536723163842
931,37083149,2020-03-10,0.29168466,0,492,0.7986289631533847,0.9265536723163842
932,36456423,2020-03-11,0.2904556,0,492,0.7994858611825193,0.9265536723163842
933,46801420,2020-03-05,0.28998464,0,492,0.8003427592116538,0.9265536723163842
934,49124474,2020-02-21,0.28987432,0,492,0.8011996572407883,0.9265536723163842
935,47495210,2020-02-05,0.28871542,1,493,0.8020565552699229,0.928436911487759
936,42667148,2020-02-17,0.288509,1,494,0.8029134532990574,0.9303201506591338
937,38810935,2020-04-09,0.2863511,0,494,0.803770351328192,0.9303201506591338
938,36323095,2020-02-27,0.28629678,0,494,0.8046272493573264,0.9303201506591338
939,47937204,2020-03-09,0.28602865,0,494,0.805484147386461,0.9303201506591338
940,47509096,2020-02-26,0.2853356,0,494,0.8063410454155956,0.9303201506591338
941,40191390,2020-04-10,0.2852753,0,494,0.8071979434447301,0.9303201506591338
942,47110777,2020-02-27,0.28498602,0,494,0.8080548414738646,0.9303201506591338
943,36078075,2020-03-13,0.28486535,0,494,0.8089117395029991,0.9303201506591338
944,44791396,2020-01-13,0.28445643,0,494,0.8097686375321337,0.9303201506591338
945,39266723,2020-03-06,0.28366286,0,494,0.8106255355612683,0.9303201506591338
946,36001192,2020-03-05,0.28333697,0,494,0.8114824335904027,0.9303201506591338
947,47438570,2020-01-21,0.2826326,0,494,0.8123393316195373,0.9303201506591338
948,46061245,2020-04-02,0.2820561,1,495,0.8131962296486718,0.9322033898305084
949,38299588,2020-02-27,0.28114617,0,495,0.8140531276778064,0.9322033898305084
950,49279844,2020-03-10,0.28070164,0,495,0.8149100257069408,0.9322033898305084
951,36069916,2020-02-17,0.28044719,0,495,0.8157669237360754,0.9322033898305084
952,37277931,2020-03-17,0.28028584,1,496,0.81662382176521,0.9340866290018832
953,38240911,2020-01-27,0.27945575,0,496,0.8174807197943444,0.9340866290018832
954,39684601,2020-02-26,0.27885503,0,496,0.818337617823479,0.9340866290018832
955,48658247,2020-03-19,0.2786666,1,497,0.8191945158526135,0.935969868173258
956,36136585,2020-03-06,0.27856186,0,497,0.8200514138817481,0.935969868173258
957,36141161,2020-02-05,0.27782482,1,498,0.8209083119108826,0.9378531073446328
958,36057707,2020-04-01,0.27701354,0,498,0.8217652099400171,0.9378531073446328
959,49064605,2020-01-28,0.27503917,0,498,0.8226221079691517,0.9378531073446328
960,48489901,2020-03-11,0.27465674,0,498,0.8234790059982862,0.9378531073446328
961,36029867,2020-02-04,0.27257487,1,499,0.8243359040274207,0.9397363465160076
962,36553698,2020-01-13,0.2722495,0,499,0.8251928020565553,0.9397363465160076
963,36746074,2020-02-04,0.2713364,0,499,0.8260497000856898,0.9397363465160076
964,38746572,2020-03-16,0.27116966,0,499,0.8269065981148244,0.9397363465160076
965,37084248,2020-02-06,0.27086437,1,500,0.8277634961439588,0.9416195856873822
966,45389746,2020-03-25,0.27025938,1,501,0.8286203941730934,0.943502824858757
967,46914124,2020-02-05,0.26970008,1,502,0.829477292202228,0.9453860640301318
968,36017500,2020-03-16,0.26944733,1,503,0.8303341902313625,0.9472693032015066
969,36316752,2020-03-16,0.2692871,0,503,0.831191088260497,0.9472693032015066
970,45789375,2020-01-31,0.26902312,0,503,0.8320479862896315,0.9472693032015066
971,49568026,2020-04-03,0.26717556,0,503,0.8329048843187661,0.9472693032015066
972,36021949,2020-03-03,0.26692513,0,503,0.8337617823479005,0.9472693032015066
973,36319757,2020-02-19,0.26573822,0,503,0.8346186803770351,0.9472693032015066
974,36742288,2020-03-13,0.26442716,0,503,0.8354755784061697,0.9472693032015066
975,50055463,2020-02-17,0.26431727,1,504,0.8363324764353042,0.9491525423728814
976,48179601,2020-02-25,0.26130345,0,504,0.8371893744644388,0.9491525423728814
977,36028686,2020-03-27,0.26010567,0,504,0.8380462724935732,0.9491525423728814
978,47228399,2020-02-06,0.25976261,1,505,0.8389031705227078,0.9510357815442562
979,49064497,2020-02-12,0.25972253,0,505,0.8397600685518424,0.9510357815442562
980,48177375,2020-02-05,0.25910863,0,505,0.8406169665809768,0.9510357815442562
981,49006326,2020-03-19,0.25849724,0,505,0.8414738646101114,0.9510357815442562
982,48124071,2019-12-20,0.25839478,0,505,0.8423307626392459,0.9510357815442562
983,45609704,2020-01-13,0.25839442,0,505,0.8431876606683805,0.9510357815442562
984,47885485,2020-02-27,0.25782874,1,506,0.844044558697515,0.9529190207156308
985,49433095,2020-02-26,0.25758252,1,507,0.8449014567266495,0.9548022598870056
986,36074891,2020-03-04,0.25757617,0,507,0.8457583547557841,0.9548022598870056
987,47704500,2020-02-05,0.25678846,1,508,0.8466152527849186,0.9566854990583804
988,37548714,2020-03-10,0.25628915,0,508,0.8474721508140531,0.9566854990583804
989,36367706,2020-03-19,0.25604665,0,508,0.8483290488431876,0.9566854990583804
990,49064375,2020-03-09,0.25514916,0,508,0.8491859468723222,0.9566854990583804
991,42427599,2020-03-19,0.2533241,1,509,0.8500428449014568,0.9585687382297552
992,36000564,2020-03-05,0.25307047,0,509,0.8508997429305912,0.9585687382297552
993,49069100,2020-02-17,0.25154907,0,509,0.8517566409597258,0.9585687382297552
994,37802741,2020-03-18,0.25043136,1,510,0.8526135389888603,0.96045197740113
995,36066124,2020-03-25,0.25007418,0,510,0.8534704370179949,0.96045197740113
996,49336475,2020-03-26,0.24957708,0,510,0.8543273350471294,0.96045197740113
997,46769277,2020-02-05,0.24877664,0,510,0.8551842330762639,0.96045197740113
998,38824893,2020-01-27,0.24875976,0,510,0.8560411311053985,0.96045197740113
999,46408494,2020-03-26,0.24844314,0,510,0.856898029134533,0.96045197740113
1000,43547542,2020-04-06,0.24717781,0,510,0.8577549271636675,0.96045197740113
1001,40455313,2020-03-23,0.24687351,0,510,0.8586118251928021,0.96045197740113
1002,36004035,2020-03-16,0.24617991,1,511,0.8594687232219366,0.9623352165725048
1003,48006684,2020-02-05,0.24527827,0,511,0.8603256212510711,0.9623352165725048
1004,46051102,2020-01-27,0.24396314,0,511,0.8611825192802056,0.9623352165725048
1005,47822233,2020-02-28,0.24389407,0,511,0.8620394173093402,0.9623352165725048
1006,36002962,2020-03-03,0.24312596,1,512,0.8628963153384748,0.9642184557438794
1007,44246027,2020-03-13,0.24179724,0,512,0.8637532133676092,0.9642184557438794
1008,49638198,2020-02-10,0.24157682,0,512,0.8646101113967438,0.9642184557438794
1009,36331038,2020-03-16,0.24076973,0,512,0.8654670094258783,0.9642184557438794
1010,49452702,2020-04-02,0.24057674,1,513,0.8663239074550129,0.9661016949152542
1011,48310556,2020-02-25,0.24020654,0,513,0.8671808054841473,0.9661016949152542
1012,36751672,2020-03-16,0.23899876,0,513,0.8680377035132819,0.9661016949152542
1013,47039318,2020-04-02,0.23881668,1,514,0.8688946015424165,0.967984934086629
1014,47971928,2020-02-04,0.23879257,0,514,0.869751499571551,0.967984934086629
1015,38825014,2020-01-27,0.23855169,0,514,0.8706083976006855,0.967984934086629
1016,46667815,2020-02-05,0.23729466,0,514,0.87146529562982,0.967984934086629
1017,46792043,2020-03-10,0.23617192,1,515,0.8723221936589546,0.9698681732580038
1018,41504858,2020-02-26,0.23462763,0,515,0.8731790916880892,0.9698681732580038
1019,45838063,2020-02-27,0.2340129,0,515,0.8740359897172236,0.9698681732580038
1020,49170267,2020-02-10,0.23241669,0,515,0.8748928877463582,0.9698681732580038
1021,48086357,2020-03-09,0.22917692,0,515,0.8757497857754927,0.9698681732580038
1022,42488131,2020-03-04,0.22758795,0,515,0.8766066838046273,0.9698681732580038
1023,44092349,2020-02-04,0.22693333,0,515,0.8774635818337618,0.9698681732580038
1024,38153952,2020-02-03,0.22632743,0,515,0.8783204798628963,0.9698681732580038
1025,49336488,2020-03-25,0.22564384,1,516,0.8791773778920309,0.9717514124293786
1026,47549209,2020-02-13,0.22536834,1,517,0.8800342759211653,0.9736346516007532
1027,48381625,2020-03-26,0.22529773,0,517,0.8808911739502999,0.9736346516007532
1028,36004842,2020-03-11,0.225271,0,517,0.8817480719794345,0.9736346516007532
1029,49397681,2020-03-31,0.22480717,0,517,0.882604970008569,0.9736346516007532
1030,49380448,2020-03-24,0.22474435,0,517,0.8834618680377035,0.9736346516007532
1031,45684259,2020-03-11,0.22287285,0,517,0.884318766066838,0.9736346516007532
1032,47063533,2020-01-13,0.22108287,0,517,0.8851756640959726,0.9736346516007532
1033,36321116,2020-03-10,0.22054595,0,517,0.8860325621251071,0.9736346516007532
1034,38692325,2020-01-13,0.22043468,0,517,0.8868894601542416,0.9736346516007532
1035,38611248,2020-02-06,0.22034778,0,517,0.8877463581833762,0.9736346516007532
1036,47355854,2020-02-04,0.21969129,0,517,0.8886032562125107,0.9736346516007532
1037,36368212,2020-03-19,0.21942902,0,517,0.8894601542416453,0.9736346516007532
1038,36369258,2020-01-27,0.2188133,1,518,0.8903170522707797,0.975517890772128
1039,49453041,2020-02-06,0.21878041,0,518,0.8911739502999143,0.975517890772128
1040,48256925,2020-04-03,0.21848513,0,518,0.8920308483290489,0.975517890772128
1041,36002670,2020-03-16,0.21831878,0,518,0.8928877463581834,0.975517890772128
1042,36257661,2020-02-10,0.21771021,0,518,0.8937446443873179,0.975517890772128
1043,49629172,2020-04-03,0.21725135,0,518,0.8946015424164524,0.975517890772128
1044,39913559,2020-03-31,0.2163584,0,518,0.895458440445587,0.975517890772128
1045,36019228,2020-02-26,0.21585764,0,518,0.8963153384747216,0.975517890772128
1046,38043163,2020-02-18,0.21516211,0,518,0.897172236503856,0.975517890772128
1047,48532475,2020-02-17,0.21474364,0,518,0.8980291345329906,0.975517890772128
1048,47822240,2020-02-28,0.21371539,0,518,0.8988860325621251,0.975517890772128
1049,48215029,2020-01-14,0.2134495,0,518,0.8997429305912596,0.975517890772128
1050,49456710,2020-02-10,0.21277931,0,518,0.9005998286203942,0.975517890772128
1051,36000080,2020-03-10,0.21250473,0,518,0.9014567266495287,0.975517890772128
1052,46653142,2020-03-11,0.21138297,0,518,0.9023136246786633,0.975517890772128
1053,37023478,2020-01-29,0.21064408,0,518,0.9031705227077977,0.975517890772128
1054,36048746,2020-02-19,0.21031258,0,518,0.9040274207369323,0.975517890772128
1055,47230164,2020-03-05,0.20949264,0,518,0.9048843187660668,0.975517890772128
1056,49126929,2020-02-17,0.20881805,0,518,0.9057412167952014,0.975517890772128
1057,48335592,2020-03-03,0.20865361,0,518,0.9065981148243359,0.975517890772128
1058,49499407,2020-03-30,0.20849824,0,518,0.9074550128534704,0.975517890772128
1059,49698960,2020-03-25,0.20841034,0,518,0.908311910882605,0.975517890772128
1060,39229775,2020-02-17,0.20766702,0,518,0.9091688089117395,0.975517890772128
1061,50763313,2020-02-18,0.20421527,0,518,0.910025706940874,0.975517890772128
1062,44469554,2020-03-16,0.20328881,0,518,0.9108826049700086,0.975517890772128
1063,46313993,2020-02-04,0.202513,0,518,0.9117395029991431,0.975517890772128
1064,36537991,2020-02-04,0.2020746,0,518,0.9125964010282777,0.975517890772128
1065,42724627,2020-03-30,0.19695774,0,518,0.9134532990574121,0.975517890772128
1066,49204186,2020-02-04,0.19680606,1,519,0.9143101970865467,0.9774011299435028
1067,38863598,2020-02-10,0.19640729,0,519,0.9151670951156813,0.9774011299435028
1068,36858685,2020-03-11,0.1956224,0,519,0.9160239931448158,0.9774011299435028
1069,41500357,2020-02-26,0.1951342,0,519,0.9168808911739503,0.9774011299435028
1070,48172268,2020-02-07,0.1919732,0,519,0.9177377892030848,0.9774011299435028
1071,46383620,2020-03-05,0.19165349,0,519,0.9185946872322194,0.9774011299435028
1072,49431487,2020-02-28,0.19012961,0,519,0.919451585261354,0.9774011299435028
1073,36033700,2020-03-17,0.1896012,0,519,0.9203084832904884,0.9774011299435028
1074,36138373,2020-03-18,0.18876389,0,519,0.921165381319623,0.9774011299435028
1075,36020619,2020-03-17,0.18866457,1,520,0.9220222793487575,0.9792843691148776
1076,38655845,2020-03-09,0.18785888,1,521,0.922879177377892,0.9811676082862524
1077,50767063,2020-02-18,0.1872361,0,521,0.9237360754070265,0.9811676082862524
1078,48284606,2020-02-26,0.18704708,1,522,0.9245929734361611,0.9830508474576272
1079,49336804,2020-03-26,0.1858439,0,522,0.9254498714652957,0.9830508474576272
1080,37257608,2020-04-06,0.18402082,1,523,0.9263067694944301,0.9849340866290018
1081,37086349,2020-01-28,0.18259855,0,523,0.9271636675235647,0.9849340866290018
1082,37334389,2020-01-29,0.1824344,0,523,0.9280205655526992,0.9849340866290018
1083,36055724,2020-03-10,0.18144076,0,523,0.9288774635818338,0.9849340866290018
1084,36914663,2020-03-19,0.18111427,0,523,0.9297343616109683,0.9849340866290018
1085,38517526,2020-02-24,0.17960848,1,524,0.9305912596401028,0.9868173258003766
1086,41744979,2020-03-04,0.17862035,0,524,0.9314481576692374,0.9868173258003766
1087,36552703,2020-03-16,0.17828211,0,524,0.9323050556983719,0.9868173258003766
1088,38159163,2020-03-12,0.17587727,0,524,0.9331619537275064,0.9868173258003766
1089,49237606,2020-03-26,0.17561647,0,524,0.934018851756641,0.9868173258003766
1090,24009681,2020-04-08,0.17491809,0,524,0.9348757497857755,0.9868173258003766
1091,48602059,2020-01-13,0.17488286,0,524,0.9357326478149101,0.9868173258003766
1092,36152320,2020-03-10,0.17385219,1,525,0.9365895458440445,0.9887005649717514
1093,36515794,2020-03-30,0.17331007,0,525,0.9374464438731791,0.9887005649717514
1094,48339716,2020-03-03,0.17281511,0,525,0.9383033419023136,0.9887005649717514
1095,47693048,2020-02-26,0.17168644,1,526,0.9391602399314481,0.9905838041431262
1096,47526017,2020-04-15,0.16948752,0,526,0.9400171379605827,0.9905838041431262
1097,47270881,2020-02-19,0.16802569,0,526,0.9408740359897172,0.9905838041431262
1098,48909911,2020-03-23,0.16768657,0,526,0.9417309340188518,0.9905838041431262
1099,45396065,2020-03-30,0.16582167,0,526,0.9425878320479862,0.9905838041431262
1100,36417674,2020-02-20,0.16511524,0,526,0.9434447300771208,0.9905838041431262
1101,48172536,2020-02-06,0.16511242,0,526,0.9443016281062554,0.9905838041431262
1102,36488742,2020-04-03,0.16486879,0,526,0.9451585261353899,0.9905838041431262
1103,42495576,2020-03-10,0.16371617,0,526,0.9460154241645244,0.9905838041431262
1104,48276077,2020-02-03,0.16354232,0,526,0.9468723221936589,0.9905838041431262
1105,42415314,2020-04-08,0.16300248,0,526,0.9477292202227935,0.9905838041431262
1106,36024668,2020-02-18,0.1607498,0,526,0.9485861182519281,0.9905838041431262
1107,49061070,2020-03-11,0.1606211,0,526,0.9494430162810625,0.9905838041431262
1108,47398280,2020-02-06,0.15641515,0,526,0.9502999143101971,0.9905838041431262
1109,38240195,2020-03-17,0.15499382,0,526,0.9511568123393316,0.9905838041431262
1110,46352375,2020-01-13,0.1547127,0,526,0.9520137103684662,0.9905838041431262
1111,40694859,2020-02-12,0.15440659,0,526,0.9528706083976007,0.9905838041431262
1112,36000538,2020-03-16,0.153667,0,526,0.9537275064267352,0.9905838041431262
1113,44433210,2020-03-02,0.14886776,0,526,0.9545844044558698,0.9905838041431262
1114,36465871,2020-04-01,0.14521588,0,526,0.9554413024850043,0.9905838041431262
1115,48340223,2020-03-03,0.14364968,0,526,0.9562982005141388,0.9905838041431262
1116,36056417,2020-04-15,0.14331391,0,526,0.9571550985432733,0.9905838041431262
1117,47238950,2020-01-13,0.1428912,0,526,0.9580119965724079,0.9905838041431262
1118,43034540,2020-02-28,0.13770598,0,526,0.9588688946015425,0.9905838041431262
1119,47411805,2020-03-06,0.13659793,0,526,0.9597257926306769,0.9905838041431262
1120,45325773,2020-03-25,0.13535321,0,526,0.9605826906598115,0.9905838041431262
1121,49059782,2020-02-19,0.13430817,0,526,0.961439588688946,0.9905838041431262
1122,36023009,2020-04-14,0.132791,0,526,0.9622964867180805,0.9905838041431262
1123,36430581,2020-01-31,0.13257773,0,526,0.9631533847472151,0.9905838041431262
1124,47203359,2020-02-28,0.12904455,0,526,0.9640102827763496,0.9905838041431262
1125,36080472,2020-04-15,0.12784322,0,526,0.9648671808054842,0.9905838041431262
1126,36038629,2020-04-06,0.12775618,0,526,0.9657240788346186,0.9905838041431262
1127,36466682,2020-03-23,0.12705424,0,526,0.9665809768637532,0.9905838041431262
1128,45389818,2020-03-25,0.1255018,0,526,0.9674378748928878,0.9905838041431262
1129,46384540,2020-03-02,0.12457731,0,526,0.9682947729220223,0.9905838041431262
1130,36023306,2020-03-06,0.12366384,0,526,0.9691516709511568,0.9905838041431262
1131,45845548,2020-01-29,0.123632796,0,526,0.9700085689802913,0.9905838041431262
1132,36452106,2020-03-31,0.12328861,0,526,0.9708654670094259,0.9905838041431262
1133,36154196,2020-03-19,0.1231341,0,526,0.9717223650385605,0.9905838041431262
1134,36465478,2020-02-03,0.12216379,0,526,0.9725792630676949,0.9905838041431262
1135,49195067,2020-02-19,0.12132758,0,526,0.9734361610968295,0.9905838041431262
1136,36430590,2020-01-28,0.12034502,0,526,0.974293059125964,0.9905838041431262
1137,46926211,2020-02-28,0.115296625,0,526,0.9751499571550986,0.9905838041431262
1138,49426092,2020-02-25,0.114390165,0,526,0.976006855184233,0.9905838041431262
1139,36215936,2020-03-20,0.11279121,0,526,0.9768637532133676,0.9905838041431262
1140,38305878,2020-02-26,0.11234391,0,526,0.9777206512425022,0.9905838041431262
1141,36479605,2020-02-19,0.11141575,1,527,0.9785775492716366,0.992467043314501
1142,42361788,2020-02-28,0.10966449,0,527,0.9794344473007712,0.992467043314501
1143,49056586,2020-04-14,0.10766325,1,528,0.9802913453299057,0.9943502824858758
1144,44985243,2020-03-13,0.10662305,0,528,0.9811482433590403,0.9943502824858758
1145,47247612,2020-03-19,0.10519624,0,528,0.9820051413881749,0.9943502824858758
1146,36916864,2020-03-19,0.10344123,0,528,0.9828620394173093,0.9943502824858758
1147,48431005,2020-03-17,0.10220331,0,528,0.9837189374464439,0.9943502824858758
1148,36075804,2020-03-31,0.1019063,1,529,0.9845758354755784,0.9962335216572504
1149,36026325,2020-03-11,0.0970722,0,529,0.9854327335047129,0.9962335216572504
1150,48299730,2020-02-07,0.096388794,0,529,0.9862896315338475,0.9962335216572504
1151,49114608,2020-01-29,0.085861824,0,529,0.987146529562982,0.9962335216572504
1152,45844654,2020-03-16,0.085091524,0,529,0.9880034275921166,0.9962335216572504
1153,36436635,2020-02-04,0.080444284,0,529,0.988860325621251,0.9962335216572504
1154,50763315,2020-03-04,0.079505906,0,529,0.9897172236503856,0.9962335216572504
1155,48650335,2020-03-20,0.078944445,1,530,0.9905741216795202,0.9981167608286252
1156,48106736,2020-03-20,0.07669937,0,530,0.9914310197086547,0.9981167608286252
1157,49653758,2020-01-29,0.07361765,0,530,0.9922879177377892,0.9981167608286252
1158,36064932,2020-02-28,0.0726813,0,530,0.9931448157669237,0.9981167608286252
1159,36392130,2020-02-28,0.06128623,0,530,0.9940017137960583,0.9981167608286252
1160,41976905,2020-02-28,0.052800443,0,530,0.9948586118251928,0.9981167608286252
1161,42405342,2020-03-03,0.051388785,0,530,0.9957155098543273,0.9981167608286252
1162,36920589,2020-02-03,0.043595877,1,531,0.9965724078834619,1.0
1163,49598036,2020-01-29,0.043233957,0,531,0.9974293059125964,1.0
1164,38149879,2020-03-11,0.041994963,0,531,0.998286203941731,1.0
1165,36001617,2020-03-12,0.026228657,0,531,0.9991431019708654,1.0
1166,36213976,2020-02-03,0.025265887,0,531,1.0,1.0
